Game,Month,Day,Year,Num1,Num2,Num3,Num4,Bonus
Texas Two Step,5,18,2001,9,10,22,13,1
Texas Two Step,5,22,2001,30,34,23,4,13
Texas Two Step,5,25,2001,3,29,18,33,17
Texas Two Step,5,29,2001,23,35,28,17,20
Texas Two Step,6,1,2001,16,11,28,4,31
Texas Two Step,6,5,2001,32,4,28,34,20
Texas Two Step,6,8,2001,4,3,33,2,29
Texas Two Step,6,12,2001,21,10,31,6,21
Texas Two Step,6,15,2001,7,24,25,20,35
Texas Two Step,6,19,2001,30,25,16,23,25
Texas Two Step,6,22,2001,21,20,31,8,4
Texas Two Step,6,26,2001,23,3,17,28,22
Texas Two Step,6,29,2001,33,30,9,15,28
Texas Two Step,7,3,2001,26,27,11,8,11
Texas Two Step,7,6,2001,14,4,6,2,35
Texas Two Step,7,10,2001,12,22,32,18,2
Texas Two Step,7,13,2001,32,23,19,14,9
Texas Two Step,7,17,2001,6,27,20,9,29
Texas Two Step,7,20,2001,16,10,12,35,11
Texas Two Step,7,24,2001,18,1,16,19,5
Texas Two Step,7,27,2001,21,30,2,33,6
Texas Two Step,7,31,2001,30,17,11,16,33
Texas Two Step,8,3,2001,12,8,11,2,20
Texas Two Step,8,7,2001,28,9,3,11,24
Texas Two Step,8,10,2001,8,17,16,18,35
Texas Two Step,8,14,2001,9,3,19,30,19
Texas Two Step,8,17,2001,15,18,5,1,15
Texas Two Step,8,21,2001,3,31,7,2,20
Texas Two Step,8,24,2001,11,26,27,22,21
Texas Two Step,8,28,2001,32,26,28,9,3
Texas Two Step,8,31,2001,16,32,2,34,13
Texas Two Step,9,4,2001,25,11,1,17,17
Texas Two Step,9,7,2001,28,14,26,5,24
Texas Two Step,9,11,2001,8,16,17,9,35
Texas Two Step,9,14,2001,22,17,3,31,5
Texas Two Step,9,18,2001,25,9,19,18,10
Texas Two Step,9,21,2001,1,5,25,24,7
Texas Two Step,9,25,2001,9,6,4,35,32
Texas Two Step,9,28,2001,22,14,29,5,11
Texas Two Step,10,2,2001,2,30,20,6,13
Texas Two Step,10,5,2001,28,34,25,22,32
Texas Two Step,10,9,2001,3,27,25,14,13
Texas Two Step,10,12,2001,33,17,28,6,16
Texas Two Step,10,16,2001,33,2,18,15,9
Texas Two Step,10,19,2001,18,17,12,23,6
Texas Two Step,10,23,2001,30,15,33,34,31
Texas Two Step,10,26,2001,4,25,27,23,16
Texas Two Step,10,30,2001,6,20,16,17,23
Texas Two Step,11,2,2001,31,16,23,35,11
Texas Two Step,11,6,2001,31,28,25,12,6
Texas Two Step,11,9,2001,1,15,14,35,24
Texas Two Step,11,13,2001,26,17,24,18,32
Texas Two Step,11,16,2001,18,11,10,26,15
Texas Two Step,11,20,2001,34,11,21,33,35
Texas Two Step,11,23,2001,18,8,21,4,19
Texas Two Step,11,27,2001,3,17,12,18,5
Texas Two Step,11,30,2001,8,26,3,20,14
Texas Two Step,12,4,2001,9,10,7,32,34
Texas Two Step,12,7,2001,3,8,17,27,20
Texas Two Step,12,11,2001,26,3,6,21,33
Texas Two Step,12,14,2001,12,16,29,11,33
Texas Two Step,12,18,2001,34,25,28,10,28
Texas Two Step,12,21,2001,1,3,20,5,30
Texas Two Step,12,25,2001,17,22,2,14,19
Texas Two Step,12,28,2001,27,2,24,18,17
Texas Two Step,1,1,2002,8,23,25,15,25
Texas Two Step,1,4,2002,16,22,28,19,7
Texas Two Step,1,8,2002,30,18,15,22,28
Texas Two Step,1,11,2002,24,30,3,2,3
Texas Two Step,1,15,2002,32,24,3,19,26
Texas Two Step,1,18,2002,22,23,27,11,32
Texas Two Step,1,22,2002,24,29,18,32,6
Texas Two Step,1,25,2002,35,3,24,29,9
Texas Two Step,1,29,2002,34,3,1,17,5
Texas Two Step,2,1,2002,18,10,29,16,2
Texas Two Step,2,5,2002,14,29,13,26,16
Texas Two Step,2,8,2002,35,7,16,33,10
Texas Two Step,2,12,2002,18,21,16,17,5
Texas Two Step,2,15,2002,27,25,23,32,25
Texas Two Step,2,19,2002,33,4,10,23,25
Texas Two Step,2,22,2002,35,3,33,18,15
Texas Two Step,2,26,2002,11,33,23,31,18
Texas Two Step,3,1,2002,8,7,35,6,3
Texas Two Step,3,5,2002,5,29,35,31,18
Texas Two Step,3,8,2002,11,33,32,28,20
Texas Two Step,3,12,2002,35,20,5,26,2
Texas Two Step,3,15,2002,3,14,30,21,12
Texas Two Step,3,19,2002,22,26,29,34,22
Texas Two Step,3,22,2002,6,19,25,4,32
Texas Two Step,3,26,2002,27,2,17,28,16
Texas Two Step,3,29,2002,6,28,12,20,34
Texas Two Step,4,2,2002,19,20,5,3,32
Texas Two Step,4,5,2002,2,25,5,30,3
Texas Two Step,4,9,2002,13,5,1,10,22
Texas Two Step,4,12,2002,10,8,12,16,33
Texas Two Step,4,16,2002,28,13,7,32,6
Texas Two Step,4,19,2002,20,22,18,13,19
Texas Two Step,4,23,2002,9,15,4,27,33
Texas Two Step,4,26,2002,4,12,3,19,23
Texas Two Step,4,30,2002,17,3,18,14,3
Texas Two Step,5,3,2002,14,26,4,6,28
Texas Two Step,5,7,2002,22,21,26,33,27
Texas Two Step,5,10,2002,20,19,35,31,23
Texas Two Step,5,14,2002,26,27,16,25,21
Texas Two Step,5,17,2002,12,27,34,25,2
Texas Two Step,5,21,2002,14,34,23,1,10
Texas Two Step,5,24,2002,18,31,5,14,8
Texas Two Step,5,28,2002,28,5,21,10,15
Texas Two Step,5,31,2002,35,33,11,6,9
Texas Two Step,6,4,2002,23,10,20,30,3
Texas Two Step,6,7,2002,33,9,28,12,15
Texas Two Step,6,11,2002,30,20,32,33,18
Texas Two Step,6,14,2002,6,32,9,13,21
Texas Two Step,6,18,2002,13,24,20,11,20
Texas Two Step,6,21,2002,10,35,9,15,4
Texas Two Step,6,25,2002,10,35,16,6,23
Texas Two Step,6,28,2002,3,30,4,28,1
Texas Two Step,7,2,2002,11,30,7,12,13
Texas Two Step,7,5,2002,26,6,19,18,11
Texas Two Step,7,9,2002,29,13,19,8,30
Texas Two Step,7,12,2002,25,3,4,33,25
Texas Two Step,7,16,2002,22,23,19,7,17
Texas Two Step,7,19,2002,16,21,12,20,19
Texas Two Step,7,23,2002,13,14,30,35,19
Texas Two Step,7,26,2002,18,34,30,27,2
Texas Two Step,7,30,2002,12,28,17,18,18
Texas Two Step,8,2,2002,35,31,27,17,20
Texas Two Step,8,6,2002,15,25,35,23,18
Texas Two Step,8,9,2002,29,5,15,4,4
Texas Two Step,8,13,2002,20,33,31,13,7
Texas Two Step,8,16,2002,12,3,7,34,10
Texas Two Step,8,20,2002,26,30,3,22,29
Texas Two Step,8,23,2002,29,28,11,25,25
Texas Two Step,8,27,2002,26,35,31,33,8
Texas Two Step,8,30,2002,21,11,6,31,6
Texas Two Step,9,3,2002,12,3,35,33,17
Texas Two Step,9,6,2002,31,6,7,14,2
Texas Two Step,9,10,2002,7,28,23,10,12
Texas Two Step,9,13,2002,17,35,33,15,20
Texas Two Step,9,17,2002,6,24,16,29,7
Texas Two Step,9,20,2002,10,5,30,24,29
Texas Two Step,9,24,2002,15,22,16,19,4
Texas Two Step,9,27,2002,15,16,22,30,22
Texas Two Step,10,1,2002,25,33,15,30,30
Texas Two Step,10,4,2002,28,7,34,22,30
Texas Two Step,10,8,2002,1,8,18,5,17
Texas Two Step,10,11,2002,23,34,4,16,5
Texas Two Step,10,15,2002,18,9,24,16,15
Texas Two Step,10,18,2002,35,19,8,15,5
Texas Two Step,10,22,2002,5,7,30,26,35
Texas Two Step,10,25,2002,1,9,19,27,24
Texas Two Step,10,29,2002,9,13,3,32,7
Texas Two Step,11,1,2002,18,10,6,30,28
Texas Two Step,11,5,2002,7,33,2,19,32
Texas Two Step,11,8,2002,34,15,7,12,11
Texas Two Step,11,12,2002,11,14,9,13,1
Texas Two Step,11,15,2002,28,10,13,23,13
Texas Two Step,11,19,2002,18,15,21,28,29
Texas Two Step,11,22,2002,16,4,2,13,17
Texas Two Step,11,26,2002,30,25,33,4,9
Texas Two Step,11,29,2002,30,23,33,5,13
Texas Two Step,12,3,2002,32,27,2,25,17
Texas Two Step,12,6,2002,7,8,10,2,25
Texas Two Step,12,10,2002,22,16,33,4,10
Texas Two Step,12,13,2002,8,10,27,7,30
Texas Two Step,12,17,2002,4,30,16,26,33
Texas Two Step,12,20,2002,4,9,20,24,20
Texas Two Step,12,24,2002,12,24,3,7,19
Texas Two Step,12,27,2002,26,4,22,3,29
Texas Two Step,12,31,2002,13,30,2,31,32
Texas Two Step,1,3,2003,23,18,14,24,27
Texas Two Step,1,7,2003,2,34,13,23,13
Texas Two Step,1,10,2003,4,32,10,17,24
Texas Two Step,1,14,2003,23,20,30,18,31
Texas Two Step,1,17,2003,27,22,11,18,9
Texas Two Step,1,21,2003,15,20,4,33,11
Texas Two Step,1,24,2003,26,3,5,9,20
Texas Two Step,1,28,2003,24,11,5,1,7
Texas Two Step,1,31,2003,9,28,30,19,30
Texas Two Step,2,4,2003,27,19,12,21,24
Texas Two Step,2,7,2003,25,10,24,31,14
Texas Two Step,2,11,2003,8,35,7,16,26
Texas Two Step,2,14,2003,13,27,6,7,23
Texas Two Step,2,18,2003,29,21,12,11,31
Texas Two Step,2,21,2003,28,14,34,23,4
Texas Two Step,2,25,2003,15,26,29,30,28
Texas Two Step,2,28,2003,19,20,21,1,12
Texas Two Step,3,4,2003,19,10,7,16,32
Texas Two Step,3,7,2003,29,22,26,30,4
Texas Two Step,3,11,2003,2,34,7,30,33
Texas Two Step,3,14,2003,32,35,17,23,17
Texas Two Step,3,18,2003,32,25,23,1,3
Texas Two Step,3,21,2003,28,10,24,35,26
Texas Two Step,3,25,2003,27,33,4,12,24
Texas Two Step,3,28,2003,30,8,29,5,29
Texas Two Step,4,1,2003,13,4,6,29,13
Texas Two Step,4,4,2003,35,31,23,3,4
Texas Two Step,4,8,2003,15,28,20,32,30
Texas Two Step,4,11,2003,29,7,18,21,17
Texas Two Step,4,15,2003,20,29,23,26,27
Texas Two Step,4,18,2003,10,3,31,34,22
Texas Two Step,4,22,2003,25,8,30,12,2
Texas Two Step,4,25,2003,9,10,5,7,34
Texas Two Step,4,29,2003,10,11,25,3,35
Texas Two Step,5,2,2003,34,16,8,29,21
Texas Two Step,5,6,2003,7,29,30,14,23
Texas Two Step,5,9,2003,7,5,9,14,25
Texas Two Step,5,13,2003,22,4,13,21,31
Texas Two Step,5,16,2003,15,35,20,25,30
Texas Two Step,5,20,2003,24,34,16,30,11
Texas Two Step,5,23,2003,1,27,24,14,7
Texas Two Step,5,27,2003,34,9,27,11,25
Texas Two Step,5,30,2003,21,33,2,1,11
Texas Two Step,6,3,2003,2,20,6,17,2
Texas Two Step,6,6,2003,22,13,33,26,25
Texas Two Step,6,10,2003,12,1,9,20,24
Texas Two Step,6,13,2003,21,26,11,1,28
Texas Two Step,6,17,2003,3,26,20,17,11
Texas Two Step,6,20,2003,17,3,10,24,17
Texas Two Step,6,24,2003,14,23,24,18,18
Texas Two Step,6,27,2003,22,4,7,10,17
Texas Two Step,7,1,2003,35,1,13,12,17
Texas Two Step,7,4,2003,31,10,35,19,23
Texas Two Step,7,8,2003,21,32,16,1,23
Texas Two Step,7,11,2003,34,6,1,11,19
Texas Two Step,7,15,2003,25,10,32,26,21
Texas Two Step,7,18,2003,33,10,31,15,2
Texas Two Step,7,22,2003,12,15,6,23,15
Texas Two Step,7,25,2003,35,31,3,9,31
Texas Two Step,7,29,2003,10,7,17,28,10
Texas Two Step,8,1,2003,7,11,33,20,4
Texas Two Step,8,5,2003,19,10,1,35,25
Texas Two Step,8,8,2003,16,31,30,1,13
Texas Two Step,8,12,2003,17,11,35,23,26
Texas Two Step,8,15,2003,35,7,28,34,1
Texas Two Step,8,19,2003,24,6,9,15,26
Texas Two Step,8,22,2003,11,28,24,31,21
Texas Two Step,8,26,2003,5,21,24,25,29
Texas Two Step,8,29,2003,26,12,29,27,26
Texas Two Step,9,2,2003,27,16,34,9,31
Texas Two Step,9,5,2003,1,8,16,25,9
Texas Two Step,9,9,2003,24,15,16,22,29
Texas Two Step,9,12,2003,26,6,12,35,2
Texas Two Step,9,16,2003,9,32,10,6,9
Texas Two Step,9,19,2003,19,6,5,14,4
Texas Two Step,9,23,2003,29,32,1,19,12
Texas Two Step,9,26,2003,10,2,20,19,8
Texas Two Step,9,30,2003,12,26,27,25,7
Texas Two Step,10,3,2003,1,16,34,11,16
Texas Two Step,10,7,2003,34,11,5,19,20
Texas Two Step,10,10,2003,30,31,32,13,29
Texas Two Step,10,14,2003,22,16,25,20,8
Texas Two Step,10,17,2003,4,32,18,29,16
Texas Two Step,10,21,2003,21,27,12,6,32
Texas Two Step,10,24,2003,5,21,13,24,28
Texas Two Step,10,28,2003,11,19,27,30,17
Texas Two Step,10,31,2003,33,35,6,7,17
Texas Two Step,11,4,2003,24,6,14,22,22
Texas Two Step,11,7,2003,11,33,28,1,20
Texas Two Step,11,11,2003,26,34,14,17,6
Texas Two Step,11,14,2003,27,19,26,28,12
Texas Two Step,11,18,2003,26,20,4,31,10
Texas Two Step,11,21,2003,4,31,10,2,15
Texas Two Step,11,25,2003,5,31,22,1,17
Texas Two Step,11,28,2003,26,29,19,23,11
Texas Two Step,12,2,2003,20,16,11,24,6
Texas Two Step,12,5,2003,30,4,32,13,29
Texas Two Step,12,9,2003,11,6,1,29,33
Texas Two Step,12,12,2003,10,13,35,14,26
Texas Two Step,12,16,2003,35,34,3,25,17
Texas Two Step,12,19,2003,25,12,32,31,16
Texas Two Step,12,23,2003,32,21,9,6,20
Texas Two Step,12,26,2003,2,32,12,10,10
Texas Two Step,12,30,2003,13,23,10,26,17
Texas Two Step,1,2,2004,17,26,10,9,34
Texas Two Step,1,6,2004,17,29,2,34,2
Texas Two Step,1,9,2004,11,20,4,3,23
Texas Two Step,1,13,2004,7,21,24,8,9
Texas Two Step,1,16,2004,20,24,33,29,6
Texas Two Step,1,20,2004,29,5,24,22,34
Texas Two Step,1,23,2004,15,22,1,11,32
Texas Two Step,1,27,2004,6,31,10,15,9
Texas Two Step,1,30,2004,17,30,27,2,33
Texas Two Step,2,3,2004,7,13,6,14,2
Texas Two Step,2,6,2004,7,30,3,4,2
Texas Two Step,2,10,2004,32,10,26,19,3
Texas Two Step,2,13,2004,9,18,2,14,24
Texas Two Step,2,17,2004,26,4,14,12,20
Texas Two Step,2,20,2004,17,6,23,8,29
Texas Two Step,2,24,2004,26,34,7,15,20
Texas Two Step,2,27,2004,10,14,35,3,31
Texas Two Step,3,2,2004,4,8,26,10,34
Texas Two Step,3,5,2004,21,15,28,14,25
Texas Two Step,3,9,2004,15,5,4,22,13
Texas Two Step,3,12,2004,17,5,32,31,20
Texas Two Step,3,16,2004,8,30,2,18,25
Texas Two Step,3,19,2004,15,2,6,21,1
Texas Two Step,3,23,2004,11,32,4,19,35
Texas Two Step,3,26,2004,25,20,9,7,6
Texas Two Step,3,30,2004,23,27,12,7,33
Texas Two Step,4,2,2004,26,16,11,21,11
Texas Two Step,4,6,2004,25,19,15,7,29
Texas Two Step,4,9,2004,6,1,14,4,8
Texas Two Step,4,13,2004,23,2,18,30,1
Texas Two Step,4,16,2004,28,6,24,5,31
Texas Two Step,4,20,2004,1,11,2,27,13
Texas Two Step,4,23,2004,31,30,15,20,20
Texas Two Step,4,27,2004,6,25,13,35,34
Texas Two Step,4,30,2004,34,19,15,1,26
Texas Two Step,5,4,2004,27,17,31,30,4
Texas Two Step,5,7,2004,31,20,18,2,5
Texas Two Step,5,11,2004,8,35,24,21,26
Texas Two Step,5,14,2004,27,33,6,17,35
Texas Two Step,5,18,2004,32,4,3,5,23
Texas Two Step,5,21,2004,22,19,23,33,11
Texas Two Step,5,25,2004,15,34,17,24,14
Texas Two Step,5,28,2004,10,11,16,27,28
Texas Two Step,6,1,2004,12,16,13,26,32
Texas Two Step,6,4,2004,17,8,24,3,24
Texas Two Step,6,8,2004,9,22,28,7,10
Texas Two Step,6,11,2004,31,33,12,25,15
Texas Two Step,6,15,2004,15,24,16,17,4
Texas Two Step,6,18,2004,26,18,5,6,3
Texas Two Step,6,22,2004,22,21,18,14,19
Texas Two Step,6,25,2004,13,8,11,1,33
Texas Two Step,6,28,2004,15,7,14,11,31
Texas Two Step,7,1,2004,30,34,29,18,26
Texas Two Step,7,5,2004,35,14,23,27,19
Texas Two Step,7,8,2004,16,29,23,35,3
Texas Two Step,7,12,2004,20,31,28,9,1
Texas Two Step,7,15,2004,9,22,27,3,28
Texas Two Step,7,19,2004,25,13,33,12,15
Texas Two Step,7,22,2004,23,4,28,1,27
Texas Two Step,7,26,2004,24,25,33,6,9
Texas Two Step,7,29,2004,20,28,15,22,1
Texas Two Step,8,2,2004,33,3,27,32,26
Texas Two Step,8,5,2004,30,13,31,20,19
Texas Two Step,8,9,2004,19,23,8,35,18
Texas Two Step,8,12,2004,1,35,28,2,3
Texas Two Step,8,16,2004,25,10,27,7,8
Texas Two Step,8,19,2004,33,19,9,21,32
Texas Two Step,8,23,2004,1,35,24,18,23
Texas Two Step,8,26,2004,24,31,18,1,28
Texas Two Step,8,30,2004,11,9,19,16,32
Texas Two Step,9,2,2004,8,20,23,30,15
Texas Two Step,9,6,2004,30,16,32,17,19
Texas Two Step,9,9,2004,3,6,31,32,26
Texas Two Step,9,13,2004,22,8,35,11,17
Texas Two Step,9,16,2004,31,13,4,15,34
Texas Two Step,9,20,2004,16,24,4,2,28
Texas Two Step,9,23,2004,16,28,20,33,16
Texas Two Step,9,27,2004,29,19,10,2,21
Texas Two Step,9,30,2004,27,7,32,19,19
Texas Two Step,10,4,2004,24,18,4,13,22
Texas Two Step,10,7,2004,4,27,34,1,3
Texas Two Step,10,11,2004,31,20,6,24,1
Texas Two Step,10,14,2004,34,2,12,24,5
Texas Two Step,10,18,2004,9,18,35,26,14
Texas Two Step,10,21,2004,34,27,3,14,28
Texas Two Step,10,25,2004,32,1,28,5,35
Texas Two Step,10,28,2004,1,34,26,8,6
Texas Two Step,11,1,2004,30,5,1,34,27
Texas Two Step,11,4,2004,4,33,35,27,23
Texas Two Step,11,8,2004,22,5,14,34,17
Texas Two Step,11,11,2004,24,2,3,19,29
Texas Two Step,11,15,2004,11,5,20,17,10
Texas Two Step,11,18,2004,17,1,9,33,1
Texas Two Step,11,22,2004,16,25,12,30,15
Texas Two Step,11,25,2004,17,27,26,4,9
Texas Two Step,11,29,2004,17,25,22,29,15
Texas Two Step,12,2,2004,6,31,27,4,29
Texas Two Step,12,6,2004,24,4,1,19,7
Texas Two Step,12,9,2004,22,27,16,5,26
Texas Two Step,12,13,2004,33,2,12,31,21
Texas Two Step,12,16,2004,2,9,30,32,21
Texas Two Step,12,20,2004,22,19,34,8,25
Texas Two Step,12,23,2004,11,32,23,22,16
Texas Two Step,12,27,2004,6,4,35,18,2
Texas Two Step,12,30,2004,22,25,7,1,31
Texas Two Step,1,3,2005,2,1,30,3,21
Texas Two Step,1,6,2005,10,26,4,29,19
Texas Two Step,1,10,2005,29,6,10,25,10
Texas Two Step,1,13,2005,20,7,1,16,4
Texas Two Step,1,17,2005,24,1,17,8,21
Texas Two Step,1,20,2005,7,21,25,10,34
Texas Two Step,1,24,2005,2,6,5,32,26
Texas Two Step,1,27,2005,31,29,8,14,22
Texas Two Step,1,31,2005,12,32,3,27,9
Texas Two Step,2,3,2005,10,5,24,15,17
Texas Two Step,2,7,2005,10,11,16,28,17
Texas Two Step,2,10,2005,7,17,11,15,25
Texas Two Step,2,14,2005,30,24,32,26,11
Texas Two Step,2,17,2005,29,35,11,19,5
Texas Two Step,2,21,2005,2,9,16,27,33
Texas Two Step,2,24,2005,11,5,23,22,22
Texas Two Step,2,28,2005,26,6,21,13,19
Texas Two Step,3,3,2005,24,20,13,16,32
Texas Two Step,3,7,2005,24,22,17,5,19
Texas Two Step,3,10,2005,18,10,33,5,22
Texas Two Step,3,14,2005,24,16,4,8,13
Texas Two Step,3,17,2005,17,27,16,5,15
Texas Two Step,3,21,2005,22,17,7,23,23
Texas Two Step,3,24,2005,11,24,27,25,25
Texas Two Step,3,28,2005,12,7,17,1,5
Texas Two Step,3,31,2005,6,17,23,33,20
Texas Two Step,4,4,2005,15,27,11,5,33
Texas Two Step,4,7,2005,4,28,6,8,18
Texas Two Step,4,11,2005,26,2,24,34,23
Texas Two Step,4,14,2005,18,28,34,15,4
Texas Two Step,4,18,2005,1,14,21,31,25
Texas Two Step,4,21,2005,27,16,13,19,26
Texas Two Step,4,25,2005,10,6,7,1,27
Texas Two Step,4,28,2005,17,23,16,34,4
Texas Two Step,5,2,2005,13,3,34,26,11
Texas Two Step,5,5,2005,32,7,12,1,26
Texas Two Step,5,9,2005,17,6,21,7,19
Texas Two Step,5,12,2005,26,33,6,25,4
Texas Two Step,5,16,2005,29,1,4,8,35
Texas Two Step,5,19,2005,26,24,31,28,29
Texas Two Step,5,23,2005,6,33,3,2,3
Texas Two Step,5,26,2005,20,14,3,23,29
Texas Two Step,5,30,2005,8,4,13,24,23
Texas Two Step,6,2,2005,12,24,13,23,7
Texas Two Step,6,6,2005,18,20,1,35,21
Texas Two Step,6,9,2005,19,34,6,28,29
Texas Two Step,6,13,2005,5,19,33,7,6
Texas Two Step,6,16,2005,27,10,9,18,10
Texas Two Step,6,20,2005,11,27,2,30,1
Texas Two Step,6,23,2005,16,30,9,15,16
Texas Two Step,6,27,2005,21,32,8,23,32
Texas Two Step,6,30,2005,32,30,12,17,5
Texas Two Step,7,4,2005,1,23,8,15,14
Texas Two Step,7,7,2005,24,3,35,22,14
Texas Two Step,7,11,2005,10,16,5,27,8
Texas Two Step,7,14,2005,12,18,34,24,9
Texas Two Step,7,18,2005,28,14,24,2,28
Texas Two Step,7,21,2005,29,27,21,19,8
Texas Two Step,7,25,2005,1,19,11,35,35
Texas Two Step,7,28,2005,3,23,21,17,21
Texas Two Step,8,1,2005,31,33,30,32,9
Texas Two Step,8,4,2005,27,33,20,14,9
Texas Two Step,8,8,2005,21,2,28,16,25
Texas Two Step,8,11,2005,29,4,3,14,28
Texas Two Step,8,15,2005,4,28,9,20,7
Texas Two Step,8,18,2005,5,15,32,20,28
Texas Two Step,8,22,2005,13,16,27,26,20
Texas Two Step,8,25,2005,5,34,29,28,8
Texas Two Step,8,29,2005,1,33,27,19,7
Texas Two Step,9,1,2005,10,17,27,32,13
Texas Two Step,9,5,2005,2,35,5,20,4
Texas Two Step,9,8,2005,20,5,12,8,7
Texas Two Step,9,12,2005,18,17,27,4,21
Texas Two Step,9,15,2005,22,2,12,8,5
Texas Two Step,9,19,2005,27,31,20,26,20
Texas Two Step,9,22,2005,35,16,15,30,5
Texas Two Step,9,26,2005,6,1,27,16,3
Texas Two Step,9,29,2005,23,35,27,8,14
Texas Two Step,10,3,2005,7,2,34,17,21
Texas Two Step,10,6,2005,17,7,21,19,18
Texas Two Step,10,10,2005,11,6,19,2,30
Texas Two Step,10,13,2005,30,25,35,8,34
Texas Two Step,10,17,2005,29,11,7,6,14
Texas Two Step,10,20,2005,28,22,2,33,16
Texas Two Step,10,24,2005,1,9,29,5,24
Texas Two Step,10,27,2005,23,2,13,17,23
Texas Two Step,10,31,2005,8,27,7,2,29
Texas Two Step,11,3,2005,9,19,8,15,3
Texas Two Step,11,7,2005,2,23,14,32,21
Texas Two Step,11,10,2005,3,28,4,25,30
Texas Two Step,11,14,2005,35,4,18,27,19
Texas Two Step,11,17,2005,6,22,4,11,21
Texas Two Step,11,21,2005,17,35,31,15,33
Texas Two Step,11,24,2005,16,27,11,31,15
Texas Two Step,11,28,2005,19,22,13,30,4
Texas Two Step,12,1,2005,29,9,26,16,21
Texas Two Step,12,5,2005,35,22,17,21,14
Texas Two Step,12,8,2005,35,19,8,17,34
Texas Two Step,12,12,2005,19,14,3,8,18
Texas Two Step,12,15,2005,2,24,12,22,11
Texas Two Step,12,19,2005,30,21,10,1,21
Texas Two Step,12,22,2005,11,9,6,14,12
Texas Two Step,12,26,2005,4,19,15,16,20
Texas Two Step,12,29,2005,30,26,16,21,21
Texas Two Step,1,2,2006,23,10,26,20,22
Texas Two Step,1,5,2006,19,5,26,22,12
Texas Two Step,1,9,2006,11,17,34,28,34
Texas Two Step,1,12,2006,29,30,7,3,16
Texas Two Step,1,16,2006,4,29,32,34,30
Texas Two Step,1,19,2006,6,18,12,30,19
Texas Two Step,1,23,2006,2,4,14,31,7
Texas Two Step,1,26,2006,17,18,20,28,14
Texas Two Step,1,30,2006,18,14,25,3,35
Texas Two Step,2,2,2006,7,34,10,21,18
Texas Two Step,2,6,2006,25,11,16,20,4
Texas Two Step,2,9,2006,27,24,19,32,20
Texas Two Step,2,13,2006,5,27,6,31,3
Texas Two Step,2,16,2006,34,17,6,33,21
Texas Two Step,2,20,2006,30,28,1,3,31
Texas Two Step,2,23,2006,16,33,34,30,29
Texas Two Step,2,27,2006,11,14,30,29,17
Texas Two Step,3,2,2006,22,24,3,32,24
Texas Two Step,3,6,2006,23,31,7,27,24
Texas Two Step,3,9,2006,8,5,17,34,23
Texas Two Step,3,13,2006,22,15,1,23,11
Texas Two Step,3,16,2006,35,4,30,32,8
Texas Two Step,3,20,2006,22,3,8,25,3
Texas Two Step,3,23,2006,27,3,14,4,4
Texas Two Step,3,27,2006,32,14,4,31,11
Texas Two Step,3,30,2006,23,7,32,1,35
Texas Two Step,4,3,2006,34,22,25,15,29
Texas Two Step,4,6,2006,1,29,26,31,29
Texas Two Step,4,10,2006,19,8,26,22,4
Texas Two Step,4,13,2006,15,29,26,3,2
Texas Two Step,4,17,2006,24,30,23,20,16
Texas Two Step,4,20,2006,27,29,9,18,34
Texas Two Step,4,24,2006,26,7,32,16,12
Texas Two Step,4,27,2006,24,12,22,27,24
Texas Two Step,5,1,2006,12,27,28,13,30
Texas Two Step,5,4,2006,25,30,12,33,7
Texas Two Step,5,8,2006,13,5,12,2,16
Texas Two Step,5,11,2006,32,22,5,3,14
Texas Two Step,5,15,2006,26,31,24,23,28
Texas Two Step,5,18,2006,3,9,28,2,3
Texas Two Step,5,22,2006,18,27,29,1,33
Texas Two Step,5,25,2006,13,33,34,12,22
Texas Two Step,5,29,2006,22,27,35,17,35
Texas Two Step,6,1,2006,28,31,27,15,5
Texas Two Step,6,5,2006,12,27,32,30,2
Texas Two Step,6,8,2006,21,33,26,15,24
Texas Two Step,6,12,2006,33,5,24,6,34
Texas Two Step,6,15,2006,15,12,22,32,26
Texas Two Step,6,19,2006,6,35,10,25,1
Texas Two Step,6,22,2006,21,34,17,28,21
Texas Two Step,6,26,2006,27,26,17,33,16
Texas Two Step,6,29,2006,30,13,19,29,27
Texas Two Step,7,3,2006,35,33,30,13,15
Texas Two Step,7,6,2006,2,32,9,24,28
Texas Two Step,7,10,2006,31,34,27,5,3
Texas Two Step,7,13,2006,28,3,20,2,5
Texas Two Step,7,17,2006,17,3,20,5,32
Texas Two Step,7,20,2006,6,35,14,34,9
Texas Two Step,7,24,2006,21,16,15,35,16
Texas Two Step,7,27,2006,8,17,24,29,20
Texas Two Step,7,31,2006,16,24,18,15,34
Texas Two Step,8,3,2006,13,23,32,21,1
Texas Two Step,8,7,2006,25,27,13,6,34
Texas Two Step,8,10,2006,35,27,9,18,9
Texas Two Step,8,14,2006,7,11,23,24,27
Texas Two Step,8,17,2006,33,24,29,19,17
Texas Two Step,8,21,2006,27,18,8,13,14
Texas Two Step,8,24,2006,12,9,23,24,30
Texas Two Step,8,28,2006,4,32,6,25,32
Texas Two Step,8,31,2006,15,33,9,1,35
Texas Two Step,9,4,2006,22,17,2,3,13
Texas Two Step,9,7,2006,2,23,22,26,15
Texas Two Step,9,11,2006,7,24,2,25,2
Texas Two Step,9,14,2006,2,11,5,30,11
Texas Two Step,9,18,2006,12,33,18,20,30
Texas Two Step,9,21,2006,35,21,20,34,32
Texas Two Step,9,25,2006,23,25,3,29,28
Texas Two Step,9,28,2006,35,29,3,1,21
Texas Two Step,10,2,2006,31,6,28,20,23
Texas Two Step,10,5,2006,10,35,31,4,24
Texas Two Step,10,9,2006,34,28,10,31,18
Texas Two Step,10,12,2006,31,5,27,4,6
Texas Two Step,10,16,2006,14,27,22,4,8
Texas Two Step,10,19,2006,22,33,20,13,1
Texas Two Step,10,23,2006,15,33,21,25,13
Texas Two Step,10,26,2006,9,6,11,20,33
Texas Two Step,10,30,2006,4,20,18,10,13
Texas Two Step,11,2,2006,33,17,25,23,28
Texas Two Step,11,6,2006,18,17,33,25,14
Texas Two Step,11,9,2006,30,14,32,26,29
Texas Two Step,11,13,2006,1,2,12,34,14
Texas Two Step,11,16,2006,29,21,14,31,15
Texas Two Step,11,20,2006,33,30,17,9,27
Texas Two Step,11,23,2006,25,3,4,10,23
Texas Two Step,11,27,2006,19,3,23,30,27
Texas Two Step,11,30,2006,6,4,22,7,26
Texas Two Step,12,4,2006,2,29,24,25,31
Texas Two Step,12,7,2006,8,31,4,24,32
Texas Two Step,12,11,2006,26,6,10,24,17
Texas Two Step,12,14,2006,18,1,26,10,33
Texas Two Step,12,18,2006,30,13,7,33,31
Texas Two Step,12,21,2006,23,12,29,31,30
Texas Two Step,12,25,2006,34,3,11,1,13
Texas Two Step,12,28,2006,20,19,2,11,6
Texas Two Step,1,1,2007,26,19,21,14,29
Texas Two Step,1,4,2007,7,31,9,30,10
Texas Two Step,1,8,2007,13,9,1,6,19
Texas Two Step,1,11,2007,10,16,27,12,21
Texas Two Step,1,15,2007,10,3,26,18,32
Texas Two Step,1,18,2007,20,34,32,17,6
Texas Two Step,1,22,2007,17,11,2,20,11
Texas Two Step,1,25,2007,2,15,29,22,32
Texas Two Step,1,29,2007,9,21,19,32,28
Texas Two Step,2,1,2007,6,15,3,17,26
Texas Two Step,2,5,2007,13,17,31,29,9
Texas Two Step,2,8,2007,33,14,34,8,17
Texas Two Step,2,12,2007,35,2,23,17,28
Texas Two Step,2,15,2007,21,13,22,4,11
Texas Two Step,2,19,2007,17,10,24,6,21
Texas Two Step,2,22,2007,10,24,13,2,7
Texas Two Step,2,26,2007,8,16,27,23,20
Texas Two Step,3,1,2007,5,23,7,29,13
Texas Two Step,3,5,2007,16,25,4,28,25
Texas Two Step,3,8,2007,30,34,1,8,2
Texas Two Step,3,12,2007,17,2,24,16,5
Texas Two Step,3,15,2007,22,19,12,3,29
Texas Two Step,3,19,2007,18,21,17,30,13
Texas Two Step,3,22,2007,9,10,16,34,32
Texas Two Step,3,26,2007,15,20,26,31,14
Texas Two Step,3,29,2007,33,1,13,28,12
Texas Two Step,4,2,2007,20,28,24,2,11
Texas Two Step,4,5,2007,7,10,21,19,27
Texas Two Step,4,9,2007,5,6,3,7,7
Texas Two Step,4,12,2007,11,12,19,4,29
Texas Two Step,4,16,2007,31,18,10,5,15
Texas Two Step,4,19,2007,30,35,11,4,35
Texas Two Step,4,23,2007,27,32,14,30,5
Texas Two Step,4,26,2007,28,2,17,23,25
Texas Two Step,4,30,2007,2,18,9,6,18
Texas Two Step,5,3,2007,7,2,18,21,18
Texas Two Step,5,7,2007,28,26,17,33,18
Texas Two Step,5,10,2007,30,27,1,12,28
Texas Two Step,5,14,2007,4,30,13,16,12
Texas Two Step,5,17,2007,8,15,11,35,14
Texas Two Step,5,21,2007,8,5,21,32,23
Texas Two Step,5,24,2007,8,11,23,13,28
Texas Two Step,5,28,2007,12,35,2,30,8
Texas Two Step,5,31,2007,3,15,16,33,2
Texas Two Step,6,4,2007,22,34,6,33,18
Texas Two Step,6,7,2007,29,8,22,26,29
Texas Two Step,6,11,2007,21,12,32,16,16
Texas Two Step,6,14,2007,9,21,34,27,2
Texas Two Step,6,18,2007,31,29,21,17,17
Texas Two Step,6,21,2007,10,19,31,12,1
Texas Two Step,6,25,2007,6,17,29,25,18
Texas Two Step,6,28,2007,5,33,11,27,28
Texas Two Step,7,2,2007,9,18,14,33,10
Texas Two Step,7,5,2007,17,14,21,27,23
Texas Two Step,7,9,2007,18,33,13,8,19
Texas Two Step,7,12,2007,1,20,5,26,17
Texas Two Step,7,16,2007,34,32,4,19,21
Texas Two Step,7,19,2007,4,27,5,35,23
Texas Two Step,7,23,2007,24,18,9,28,1
Texas Two Step,7,26,2007,8,7,26,10,9
Texas Two Step,7,30,2007,31,13,12,33,20
Texas Two Step,8,2,2007,31,23,22,32,5
Texas Two Step,8,6,2007,32,12,23,25,15
Texas Two Step,8,9,2007,14,24,17,5,7
Texas Two Step,8,13,2007,14,16,26,1,5
Texas Two Step,8,16,2007,30,7,26,10,19
Texas Two Step,8,20,2007,31,29,27,8,1
Texas Two Step,8,23,2007,21,4,29,30,31
Texas Two Step,8,27,2007,6,12,28,20,26
Texas Two Step,8,30,2007,24,14,7,35,34
Texas Two Step,9,3,2007,9,5,22,15,30
Texas Two Step,9,6,2007,15,2,33,29,15
Texas Two Step,9,10,2007,14,20,18,3,10
Texas Two Step,9,13,2007,6,28,11,21,26
Texas Two Step,9,17,2007,19,30,22,18,1
Texas Two Step,9,20,2007,1,35,21,6,16
Texas Two Step,9,24,2007,9,13,20,16,29
Texas Two Step,9,27,2007,24,3,31,26,3
Texas Two Step,10,1,2007,32,35,6,19,13
Texas Two Step,10,4,2007,26,8,3,6,22
Texas Two Step,10,8,2007,1,6,15,16,2
Texas Two Step,10,11,2007,21,19,18,9,7
Texas Two Step,10,15,2007,28,14,1,17,10
Texas Two Step,10,18,2007,3,6,34,20,16
Texas Two Step,10,22,2007,6,25,27,21,18
Texas Two Step,10,25,2007,11,22,33,1,24
Texas Two Step,10,29,2007,22,33,14,34,7
Texas Two Step,11,1,2007,17,14,20,13,24
Texas Two Step,11,5,2007,5,27,33,26,22
Texas Two Step,11,8,2007,3,35,31,32,6
Texas Two Step,11,12,2007,1,16,26,8,11
Texas Two Step,11,15,2007,1,20,6,27,20
Texas Two Step,11,19,2007,10,24,18,35,10
Texas Two Step,11,22,2007,20,30,2,1,20
Texas Two Step,11,26,2007,32,3,11,33,32
Texas Two Step,11,29,2007,22,2,5,8,25
Texas Two Step,12,3,2007,27,19,11,16,32
Texas Two Step,12,6,2007,20,27,14,34,27
Texas Two Step,12,10,2007,23,26,31,29,14
Texas Two Step,12,13,2007,17,34,28,29,30
Texas Two Step,12,17,2007,27,9,3,30,32
Texas Two Step,12,20,2007,23,27,32,14,19
Texas Two Step,12,24,2007,22,12,4,20,22
Texas Two Step,12,27,2007,17,11,31,28,25
Texas Two Step,12,31,2007,11,9,12,3,5
Texas Two Step,1,3,2008,25,7,32,4,22
Texas Two Step,1,7,2008,25,23,16,35,26
Texas Two Step,1,10,2008,24,31,33,35,33
Texas Two Step,1,14,2008,33,19,23,10,28
Texas Two Step,1,17,2008,27,21,14,30,4
Texas Two Step,1,21,2008,1,19,2,4,6
Texas Two Step,1,24,2008,13,3,24,25,26
Texas Two Step,1,28,2008,4,7,35,20,4
Texas Two Step,1,31,2008,30,6,9,28,25
Texas Two Step,2,4,2008,26,24,21,30,25
Texas Two Step,2,7,2008,25,7,13,32,27
Texas Two Step,2,11,2008,4,21,18,25,29
Texas Two Step,2,14,2008,10,8,28,1,9
Texas Two Step,2,18,2008,15,2,23,24,31
Texas Two Step,2,21,2008,21,28,32,10,21
Texas Two Step,2,25,2008,34,29,12,5,3
Texas Two Step,2,28,2008,33,7,1,23,11
Texas Two Step,3,3,2008,35,15,20,29,18
Texas Two Step,3,6,2008,19,13,1,31,28
Texas Two Step,3,10,2008,25,13,28,19,30
Texas Two Step,3,13,2008,21,32,17,14,7
Texas Two Step,3,17,2008,13,19,27,7,14
Texas Two Step,3,20,2008,10,29,12,16,18
Texas Two Step,3,24,2008,22,23,32,34,22
Texas Two Step,3,27,2008,21,11,10,4,8
Texas Two Step,3,31,2008,32,5,23,34,15
Texas Two Step,4,3,2008,10,2,17,12,13
Texas Two Step,4,7,2008,10,12,32,16,23
Texas Two Step,4,10,2008,8,11,2,27,28
Texas Two Step,4,14,2008,33,25,6,19,25
Texas Two Step,4,17,2008,25,14,26,23,7
Texas Two Step,4,21,2008,27,14,16,13,20
Texas Two Step,4,24,2008,33,28,31,22,7
Texas Two Step,4,28,2008,25,4,29,20,9
Texas Two Step,5,1,2008,27,24,6,9,27
Texas Two Step,5,5,2008,33,21,6,14,29
Texas Two Step,5,8,2008,21,1,27,26,2
Texas Two Step,5,12,2008,20,21,29,24,1
Texas Two Step,5,15,2008,27,8,9,31,19
Texas Two Step,5,19,2008,19,14,2,25,11
Texas Two Step,5,22,2008,16,23,31,12,2
Texas Two Step,5,26,2008,1,14,34,22,23
Texas Two Step,5,29,2008,20,31,15,5,12
Texas Two Step,6,2,2008,12,33,4,7,6
Texas Two Step,6,5,2008,9,33,11,34,31
Texas Two Step,6,9,2008,11,28,9,2,8
Texas Two Step,6,12,2008,5,27,35,28,27
Texas Two Step,6,16,2008,19,10,20,28,23
Texas Two Step,6,19,2008,3,21,16,34,6
Texas Two Step,6,23,2008,26,17,32,13,30
Texas Two Step,6,26,2008,12,8,23,15,18
Texas Two Step,6,30,2008,22,5,27,4,10
Texas Two Step,7,3,2008,25,32,33,13,33
Texas Two Step,7,7,2008,32,6,8,31,6
Texas Two Step,7,10,2008,16,12,19,29,9
Texas Two Step,7,14,2008,7,18,3,14,28
Texas Two Step,7,17,2008,21,4,24,3,10
Texas Two Step,7,21,2008,7,12,32,14,26
Texas Two Step,7,24,2008,13,27,15,28,4
Texas Two Step,7,28,2008,33,12,22,11,3
Texas Two Step,7,31,2008,35,31,12,6,22
Texas Two Step,8,4,2008,30,3,11,2,17
Texas Two Step,8,7,2008,33,31,22,14,5
Texas Two Step,8,11,2008,6,29,3,33,33
Texas Two Step,8,14,2008,1,34,20,32,30
Texas Two Step,8,18,2008,20,22,35,29,3
Texas Two Step,8,21,2008,3,18,29,28,35
Texas Two Step,8,25,2008,19,6,12,1,34
Texas Two Step,8,28,2008,9,28,16,24,21
Texas Two Step,9,1,2008,15,12,17,14,26
Texas Two Step,9,4,2008,25,11,32,10,17
Texas Two Step,9,8,2008,33,27,3,35,29
Texas Two Step,9,11,2008,35,23,26,12,9
Texas Two Step,9,15,2008,16,28,31,29,4
Texas Two Step,9,18,2008,20,28,27,35,7
Texas Two Step,9,22,2008,29,32,17,30,11
Texas Two Step,9,25,2008,10,16,34,2,7
Texas Two Step,9,29,2008,21,31,11,15,20
Texas Two Step,10,2,2008,5,13,20,18,27
Texas Two Step,10,6,2008,28,13,19,33,25
Texas Two Step,10,9,2008,21,32,23,10,2
Texas Two Step,10,13,2008,4,7,30,16,10
Texas Two Step,10,16,2008,19,29,25,8,11
Texas Two Step,10,20,2008,30,21,6,7,1
Texas Two Step,10,23,2008,5,35,2,13,27
Texas Two Step,10,27,2008,21,34,25,19,26
Texas Two Step,10,30,2008,33,14,18,19,14
Texas Two Step,11,3,2008,7,4,30,15,5
Texas Two Step,11,6,2008,12,28,5,31,4
Texas Two Step,11,10,2008,17,25,28,15,26
Texas Two Step,11,13,2008,3,25,34,17,18
Texas Two Step,11,17,2008,30,27,34,25,12
Texas Two Step,11,20,2008,24,11,1,16,1
Texas Two Step,11,24,2008,6,9,28,13,26
Texas Two Step,11,27,2008,31,22,12,30,31
Texas Two Step,12,1,2008,21,2,24,35,3
Texas Two Step,12,4,2008,24,20,12,21,33
Texas Two Step,12,8,2008,35,4,21,27,10
Texas Two Step,12,11,2008,7,29,22,5,21
Texas Two Step,12,15,2008,29,13,16,26,9
Texas Two Step,12,18,2008,15,9,31,2,12
Texas Two Step,12,22,2008,12,22,17,33,18
Texas Two Step,12,25,2008,7,29,24,15,10
Texas Two Step,12,29,2008,22,27,13,29,17
Texas Two Step,1,1,2009,6,10,3,35,12
Texas Two Step,1,5,2009,3,6,5,8,26
Texas Two Step,1,8,2009,17,2,7,3,24
Texas Two Step,1,12,2009,19,4,13,17,16
Texas Two Step,1,15,2009,7,30,1,6,22
Texas Two Step,1,19,2009,19,13,35,21,16
Texas Two Step,1,22,2009,29,21,26,24,9
Texas Two Step,1,26,2009,28,30,16,4,15
Texas Two Step,1,29,2009,25,4,26,27,29
Texas Two Step,2,2,2009,29,28,11,16,2
Texas Two Step,2,5,2009,24,2,16,14,34
Texas Two Step,2,9,2009,17,2,32,13,6
Texas Two Step,2,12,2009,6,15,7,18,23
Texas Two Step,2,16,2009,18,17,7,15,12
Texas Two Step,2,19,2009,34,6,21,22,33
Texas Two Step,2,23,2009,18,35,19,14,26
Texas Two Step,2,26,2009,29,2,28,25,32
Texas Two Step,3,2,2009,35,6,32,13,9
Texas Two Step,3,5,2009,27,8,9,12,4
Texas Two Step,3,9,2009,32,27,23,8,5
Texas Two Step,3,12,2009,17,19,28,34,9
Texas Two Step,3,16,2009,31,24,34,29,26
Texas Two Step,3,19,2009,17,6,33,25,5
Texas Two Step,3,23,2009,2,7,18,15,17
Texas Two Step,3,26,2009,27,33,15,3,32
Texas Two Step,3,30,2009,21,28,30,24,25
Texas Two Step,4,2,2009,18,32,13,7,5
Texas Two Step,4,6,2009,9,12,34,35,13
Texas Two Step,4,9,2009,18,2,20,15,5
Texas Two Step,4,13,2009,29,28,21,26,15
Texas Two Step,4,16,2009,5,7,33,28,9
Texas Two Step,4,20,2009,24,14,12,31,21
Texas Two Step,4,23,2009,15,28,22,14,35
Texas Two Step,4,27,2009,26,22,17,33,25
Texas Two Step,4,30,2009,2,29,3,11,17
Texas Two Step,5,4,2009,30,13,35,32,10
Texas Two Step,5,7,2009,20,30,31,21,6
Texas Two Step,5,11,2009,18,9,17,29,24
Texas Two Step,5,14,2009,11,20,27,26,14
Texas Two Step,5,18,2009,30,19,24,33,2
Texas Two Step,5,21,2009,22,24,20,18,29
Texas Two Step,5,25,2009,6,32,4,28,25
Texas Two Step,5,28,2009,15,21,4,9,30
Texas Two Step,6,1,2009,34,29,20,9,24
Texas Two Step,6,4,2009,17,33,26,31,19
Texas Two Step,6,8,2009,9,12,1,18,4
Texas Two Step,6,11,2009,10,19,21,23,26
Texas Two Step,6,15,2009,27,30,9,7,13
Texas Two Step,6,18,2009,31,29,27,19,26
Texas Two Step,6,22,2009,2,34,11,27,10
Texas Two Step,6,25,2009,12,19,14,22,20
Texas Two Step,6,29,2009,12,14,3,24,2
Texas Two Step,7,2,2009,18,31,13,1,18
Texas Two Step,7,6,2009,32,8,5,31,7
Texas Two Step,7,9,2009,21,29,33,25,7
Texas Two Step,7,13,2009,12,29,23,1,29
Texas Two Step,7,16,2009,12,3,33,27,28
Texas Two Step,7,20,2009,9,17,5,20,17
Texas Two Step,7,23,2009,7,3,19,34,14
Texas Two Step,7,27,2009,35,13,1,14,20
Texas Two Step,7,30,2009,8,33,12,10,22
Texas Two Step,8,3,2009,3,6,33,17,33
Texas Two Step,8,6,2009,34,19,6,10,25
Texas Two Step,8,10,2009,15,23,19,22,27
Texas Two Step,8,13,2009,4,13,35,22,30
Texas Two Step,8,17,2009,21,34,17,25,22
Texas Two Step,8,20,2009,35,10,1,4,31
Texas Two Step,8,24,2009,15,34,2,19,8
Texas Two Step,8,27,2009,6,15,21,17,10
Texas Two Step,8,31,2009,17,34,24,8,7
Texas Two Step,9,3,2009,14,10,5,33,30
Texas Two Step,9,7,2009,25,35,27,29,26
Texas Two Step,9,10,2009,33,7,15,12,28
Texas Two Step,9,14,2009,11,10,30,3,26
Texas Two Step,9,17,2009,8,16,6,2,2
Texas Two Step,9,21,2009,32,22,16,8,13
Texas Two Step,9,24,2009,16,24,11,18,29
Texas Two Step,9,28,2009,12,4,22,34,14
Texas Two Step,10,1,2009,16,3,30,6,20
Texas Two Step,10,5,2009,20,33,6,3,16
Texas Two Step,10,8,2009,15,16,2,17,3
Texas Two Step,10,12,2009,14,35,32,15,27
Texas Two Step,10,15,2009,25,2,1,8,27
Texas Two Step,10,19,2009,17,35,13,19,33
Texas Two Step,10,22,2009,10,34,30,2,30
Texas Two Step,10,26,2009,16,15,13,30,20
Texas Two Step,10,29,2009,3,28,34,33,31
Texas Two Step,11,2,2009,9,7,23,10,7
Texas Two Step,11,5,2009,14,20,25,18,8
Texas Two Step,11,9,2009,3,13,30,32,12
Texas Two Step,11,12,2009,8,20,13,24,34
Texas Two Step,11,16,2009,11,29,24,30,32
Texas Two Step,11,19,2009,12,27,4,3,20
Texas Two Step,11,23,2009,14,3,19,30,3
Texas Two Step,11,26,2009,2,10,5,19,20
Texas Two Step,11,30,2009,21,31,10,16,3
Texas Two Step,12,3,2009,34,11,19,12,34
Texas Two Step,12,7,2009,3,18,15,20,26
Texas Two Step,12,10,2009,34,24,35,7,6
Texas Two Step,12,14,2009,3,27,2,26,11
Texas Two Step,12,17,2009,26,31,1,5,7
Texas Two Step,12,21,2009,25,32,12,24,18
Texas Two Step,12,24,2009,9,24,28,6,25
Texas Two Step,12,28,2009,33,25,27,26,24
Texas Two Step,12,31,2009,28,17,35,14,29
Texas Two Step,1,4,2010,32,19,2,9,34
Texas Two Step,1,7,2010,32,22,28,17,15
Texas Two Step,1,11,2010,26,17,27,22,11
Texas Two Step,1,14,2010,26,22,2,16,21
Texas Two Step,1,18,2010,22,31,7,6,34
Texas Two Step,1,21,2010,3,5,12,17,16
Texas Two Step,1,25,2010,4,15,5,30,31
Texas Two Step,1,28,2010,16,7,29,11,8
Texas Two Step,2,1,2010,18,29,12,7,3
Texas Two Step,2,4,2010,10,19,28,32,3
Texas Two Step,2,8,2010,31,18,16,27,35
Texas Two Step,2,11,2010,13,32,15,12,18
Texas Two Step,2,15,2010,28,20,4,32,14
Texas Two Step,2,18,2010,6,12,26,23,35
Texas Two Step,2,22,2010,2,20,30,1,26
Texas Two Step,2,25,2010,25,20,2,22,4
Texas Two Step,3,1,2010,26,7,11,19,11
Texas Two Step,3,4,2010,23,35,29,1,31
Texas Two Step,3,8,2010,17,5,34,9,5
Texas Two Step,3,11,2010,31,22,18,20,16
Texas Two Step,3,15,2010,12,9,23,13,30
Texas Two Step,3,18,2010,34,32,24,20,14
Texas Two Step,3,22,2010,31,6,28,16,32
Texas Two Step,3,25,2010,22,21,31,23,14
Texas Two Step,3,29,2010,32,30,24,3,35
Texas Two Step,4,1,2010,15,30,14,31,19
Texas Two Step,4,5,2010,21,15,24,32,11
Texas Two Step,4,8,2010,30,24,15,32,25
Texas Two Step,4,12,2010,13,6,15,17,11
Texas Two Step,4,15,2010,14,28,15,12,22
Texas Two Step,4,19,2010,30,10,25,35,24
Texas Two Step,4,22,2010,18,26,29,24,8
Texas Two Step,4,26,2010,31,25,17,10,3
Texas Two Step,4,29,2010,20,11,12,6,18
Texas Two Step,5,3,2010,14,18,35,22,27
Texas Two Step,5,6,2010,18,7,19,20,15
Texas Two Step,5,10,2010,6,18,12,15,10
Texas Two Step,5,13,2010,25,19,9,29,8
Texas Two Step,5,17,2010,30,9,7,23,9
Texas Two Step,5,20,2010,35,8,3,15,21
Texas Two Step,5,24,2010,16,12,8,10,9
Texas Two Step,5,27,2010,34,15,2,3,17
Texas Two Step,5,31,2010,23,19,35,22,16
Texas Two Step,6,3,2010,20,25,22,16,31
Texas Two Step,6,7,2010,32,31,25,19,32
Texas Two Step,6,10,2010,7,18,25,24,35
Texas Two Step,6,14,2010,30,6,4,34,16
Texas Two Step,6,17,2010,34,26,29,16,30
Texas Two Step,6,21,2010,25,26,11,35,3
Texas Two Step,6,24,2010,30,18,33,5,15
Texas Two Step,6,28,2010,11,27,25,20,6
Texas Two Step,7,1,2010,35,16,3,26,27
Texas Two Step,7,5,2010,21,14,2,9,21
Texas Two Step,7,8,2010,21,30,19,18,11
Texas Two Step,7,12,2010,20,31,8,4,19
Texas Two Step,7,15,2010,1,23,13,25,10
Texas Two Step,7,19,2010,27,23,22,21,8
Texas Two Step,7,22,2010,4,22,33,6,12
Texas Two Step,7,26,2010,14,8,22,35,7
Texas Two Step,7,29,2010,33,2,30,19,2
Texas Two Step,8,2,2010,10,13,30,32,24
Texas Two Step,8,5,2010,19,9,18,33,7
Texas Two Step,8,9,2010,31,6,30,29,17
Texas Two Step,8,12,2010,32,31,5,7,31
Texas Two Step,8,16,2010,24,13,23,21,11
Texas Two Step,8,19,2010,11,20,14,16,32
Texas Two Step,8,23,2010,25,31,18,4,2
Texas Two Step,8,26,2010,20,30,9,10,4
Texas Two Step,8,30,2010,33,7,35,16,27
Texas Two Step,9,2,2010,11,8,31,9,18
Texas Two Step,9,6,2010,28,17,27,7,4
Texas Two Step,9,9,2010,16,22,34,35,20
Texas Two Step,9,13,2010,15,13,10,25,6
Texas Two Step,9,16,2010,19,12,22,28,32
Texas Two Step,9,20,2010,34,29,4,28,22
Texas Two Step,9,23,2010,8,33,26,20,11
Texas Two Step,9,27,2010,11,23,1,16,9
Texas Two Step,9,30,2010,30,33,19,11,3
Texas Two Step,10,4,2010,25,11,10,21,9
Texas Two Step,10,7,2010,2,15,21,32,24
Texas Two Step,10,11,2010,23,20,5,22,1
Texas Two Step,10,14,2010,6,32,3,5,6
Texas Two Step,10,18,2010,16,30,21,15,25
Texas Two Step,10,21,2010,32,16,22,30,5
Texas Two Step,10,25,2010,16,30,5,2,33
Texas Two Step,10,28,2010,9,33,5,25,5
Texas Two Step,11,1,2010,5,35,12,17,25
Texas Two Step,11,4,2010,8,30,32,29,10
Texas Two Step,11,8,2010,2,30,22,17,19
Texas Two Step,11,11,2010,22,23,4,5,21
Texas Two Step,11,15,2010,34,31,19,3,8
Texas Two Step,11,18,2010,2,12,13,14,31
Texas Two Step,11,22,2010,1,11,9,32,21
Texas Two Step,11,25,2010,5,11,30,29,35
Texas Two Step,11,29,2010,3,10,35,5,22
Texas Two Step,12,2,2010,28,2,32,13,10
Texas Two Step,12,6,2010,21,34,35,13,20
Texas Two Step,12,9,2010,20,1,22,6,3
Texas Two Step,12,13,2010,8,13,23,30,35
Texas Two Step,12,16,2010,32,30,12,27,21
Texas Two Step,12,20,2010,3,33,31,27,2
Texas Two Step,12,23,2010,25,20,26,21,17
Texas Two Step,12,27,2010,27,7,15,34,21
Texas Two Step,12,30,2010,20,31,4,7,3
Texas Two Step,1,3,2011,9,6,4,34,32
Texas Two Step,1,6,2011,27,34,29,33,31
Texas Two Step,1,10,2011,28,22,27,8,20
Texas Two Step,1,13,2011,2,28,31,8,23
Texas Two Step,1,17,2011,35,2,34,23,33
Texas Two Step,1,20,2011,14,10,22,13,12
Texas Two Step,1,24,2011,24,7,28,17,35
Texas Two Step,1,27,2011,25,19,29,13,12
Texas Two Step,1,31,2011,4,12,17,18,22
Texas Two Step,2,3,2011,19,32,23,30,10
Texas Two Step,2,7,2011,9,13,28,3,14
Texas Two Step,2,10,2011,19,14,35,17,21
Texas Two Step,2,14,2011,14,1,23,9,13
Texas Two Step,2,17,2011,12,13,16,18,13
Texas Two Step,2,21,2011,27,22,8,29,26
Texas Two Step,2,24,2011,7,22,14,8,29
Texas Two Step,2,28,2011,23,34,29,30,25
Texas Two Step,3,3,2011,22,13,16,21,28
Texas Two Step,3,7,2011,34,7,12,1,30
Texas Two Step,3,10,2011,6,9,34,32,17
Texas Two Step,3,14,2011,20,31,11,23,20
Texas Two Step,3,17,2011,29,23,16,5,26
Texas Two Step,3,21,2011,25,28,34,12,24
Texas Two Step,3,24,2011,11,10,13,18,5
Texas Two Step,3,28,2011,16,4,17,33,12
Texas Two Step,3,31,2011,9,16,4,3,33
Texas Two Step,4,4,2011,9,27,1,32,2
Texas Two Step,4,7,2011,13,29,31,5,21
Texas Two Step,4,11,2011,31,28,11,12,7
Texas Two Step,4,14,2011,1,2,29,34,27
Texas Two Step,4,18,2011,24,3,23,11,10
Texas Two Step,4,21,2011,25,33,4,13,19
Texas Two Step,4,25,2011,9,8,12,35,15
Texas Two Step,4,28,2011,33,1,29,9,24
Texas Two Step,5,2,2011,21,22,19,20,33
Texas Two Step,5,5,2011,29,33,13,3,17
Texas Two Step,5,9,2011,3,14,6,27,30
Texas Two Step,5,12,2011,10,4,27,9,12
Texas Two Step,5,16,2011,6,22,16,14,13
Texas Two Step,5,19,2011,14,26,19,17,6
Texas Two Step,5,23,2011,33,13,30,29,17
Texas Two Step,5,26,2011,8,35,6,17,11
Texas Two Step,5,30,2011,8,7,35,31,20
Texas Two Step,6,2,2011,9,4,16,10,9
Texas Two Step,6,6,2011,25,12,29,15,33
Texas Two Step,6,9,2011,21,29,27,4,27
Texas Two Step,6,13,2011,8,31,32,21,19
Texas Two Step,6,16,2011,34,24,14,23,4
Texas Two Step,6,20,2011,30,33,16,15,18
Texas Two Step,6,23,2011,6,4,30,3,10
Texas Two Step,6,27,2011,12,17,28,13,10
Texas Two Step,6,30,2011,8,20,21,32,6
Texas Two Step,7,4,2011,16,7,13,15,22
Texas Two Step,7,7,2011,22,1,17,5,25
Texas Two Step,7,11,2011,16,30,29,5,21
Texas Two Step,7,14,2011,30,34,1,11,25
Texas Two Step,7,18,2011,20,29,27,4,18
Texas Two Step,7,21,2011,31,22,11,19,14
Texas Two Step,7,25,2011,3,30,8,6,21
Texas Two Step,7,28,2011,3,21,5,13,10
Texas Two Step,8,1,2011,4,12,13,35,31
Texas Two Step,8,4,2011,30,8,15,13,34
Texas Two Step,8,8,2011,32,4,25,31,25
Texas Two Step,8,11,2011,8,6,18,25,4
Texas Two Step,8,15,2011,29,28,7,30,5
Texas Two Step,8,18,2011,34,12,33,11,16
Texas Two Step,8,22,2011,25,19,24,6,7
Texas Two Step,8,25,2011,5,14,33,8,24
Texas Two Step,8,29,2011,35,4,16,11,27
Texas Two Step,9,1,2011,33,19,30,6,29
Texas Two Step,9,5,2011,4,3,20,1,5
Texas Two Step,9,8,2011,31,10,26,32,4
Texas Two Step,9,12,2011,18,22,34,30,15
Texas Two Step,9,15,2011,13,19,4,33,35
Texas Two Step,9,19,2011,34,9,1,33,7
Texas Two Step,9,22,2011,27,6,15,13,25
Texas Two Step,9,26,2011,22,25,8,23,22
Texas Two Step,9,29,2011,8,15,34,21,7
Texas Two Step,10,3,2011,35,28,10,30,25
Texas Two Step,10,6,2011,1,33,25,27,8
Texas Two Step,10,10,2011,6,27,1,13,30
Texas Two Step,10,13,2011,17,34,33,12,4
Texas Two Step,10,17,2011,1,9,31,34,26
Texas Two Step,10,20,2011,18,16,26,2,19
Texas Two Step,10,24,2011,6,4,35,9,16
Texas Two Step,10,27,2011,3,29,17,12,3
Texas Two Step,10,31,2011,7,3,24,1,3
Texas Two Step,11,3,2011,12,16,25,19,19
Texas Two Step,11,7,2011,19,25,4,31,16
Texas Two Step,11,10,2011,29,21,34,26,34
Texas Two Step,11,14,2011,11,4,6,19,30
Texas Two Step,11,17,2011,26,29,15,32,18
Texas Two Step,11,21,2011,25,18,5,7,17
Texas Two Step,11,24,2011,8,15,11,5,5
Texas Two Step,11,28,2011,9,11,26,30,28
Texas Two Step,12,1,2011,20,33,17,18,7
Texas Two Step,12,5,2011,8,24,5,28,17
Texas Two Step,12,8,2011,13,18,20,32,24
Texas Two Step,12,12,2011,26,33,15,6,25
Texas Two Step,12,15,2011,8,29,20,30,22
Texas Two Step,12,19,2011,1,12,20,33,29
Texas Two Step,12,22,2011,6,29,2,34,30
Texas Two Step,12,26,2011,8,25,4,9,22
Texas Two Step,12,29,2011,24,13,31,21,11
Texas Two Step,1,2,2012,8,27,4,16,9
Texas Two Step,1,5,2012,23,20,5,28,1
Texas Two Step,1,9,2012,1,28,9,7,16
Texas Two Step,1,12,2012,11,3,6,19,27
Texas Two Step,1,16,2012,7,18,9,8,6
Texas Two Step,1,19,2012,16,2,31,1,26
Texas Two Step,1,23,2012,12,35,5,19,10
Texas Two Step,1,26,2012,33,24,28,35,31
Texas Two Step,1,30,2012,29,13,9,8,12
Texas Two Step,2,2,2012,6,4,33,18,4
Texas Two Step,2,6,2012,32,25,26,15,24
Texas Two Step,2,9,2012,25,30,23,5,9
Texas Two Step,2,13,2012,34,12,4,24,20
Texas Two Step,2,16,2012,33,17,19,4,34
Texas Two Step,2,20,2012,7,33,3,16,17
Texas Two Step,2,23,2012,15,21,32,16,26
Texas Two Step,2,27,2012,11,26,34,16,30
Texas Two Step,3,1,2012,31,9,34,20,19
Texas Two Step,3,5,2012,3,25,30,15,1
Texas Two Step,3,8,2012,5,15,10,8,32
Texas Two Step,3,12,2012,2,6,15,24,13
Texas Two Step,3,15,2012,5,30,12,6,23
Texas Two Step,3,19,2012,30,24,4,2,5
Texas Two Step,3,22,2012,8,13,32,23,28
Texas Two Step,3,26,2012,25,2,21,6,2
Texas Two Step,3,29,2012,27,3,19,15,14
Texas Two Step,4,2,2012,4,24,27,2,33
Texas Two Step,4,5,2012,23,21,4,1,26
Texas Two Step,4,9,2012,5,22,10,23,14
Texas Two Step,4,12,2012,24,20,3,4,15
Texas Two Step,4,16,2012,9,19,33,12,17
Texas Two Step,4,19,2012,26,8,33,23,17
Texas Two Step,4,23,2012,9,15,23,18,22
Texas Two Step,4,26,2012,8,18,22,19,8
Texas Two Step,4,30,2012,19,35,22,17,31
Texas Two Step,5,3,2012,17,15,26,28,11
Texas Two Step,5,7,2012,29,13,25,35,2
Texas Two Step,5,10,2012,31,21,22,17,16
Texas Two Step,5,14,2012,15,25,12,9,25
Texas Two Step,5,17,2012,13,17,15,7,11
Texas Two Step,5,21,2012,30,15,18,11,10
Texas Two Step,5,24,2012,25,24,18,2,10
Texas Two Step,5,28,2012,25,1,13,34,3
Texas Two Step,5,31,2012,7,19,12,23,1
Texas Two Step,6,4,2012,34,8,19,20,18
Texas Two Step,6,7,2012,12,30,32,3,35
Texas Two Step,6,11,2012,4,21,29,6,21
Texas Two Step,6,14,2012,8,26,28,12,1
Texas Two Step,6,18,2012,34,23,28,21,27
Texas Two Step,6,21,2012,11,1,17,19,20
Texas Two Step,6,25,2012,2,6,20,19,26
Texas Two Step,6,28,2012,15,30,2,35,23
Texas Two Step,7,2,2012,3,23,15,27,24
Texas Two Step,7,5,2012,9,16,24,32,19
Texas Two Step,7,9,2012,9,21,31,1,4
Texas Two Step,7,12,2012,26,16,14,20,32
Texas Two Step,7,16,2012,13,27,29,2,16
Texas Two Step,7,19,2012,7,17,8,3,10
Texas Two Step,7,23,2012,15,23,9,18,30
Texas Two Step,7,26,2012,23,5,29,30,6
Texas Two Step,7,30,2012,21,20,33,19,7
Texas Two Step,8,2,2012,21,22,7,34,31
Texas Two Step,8,6,2012,5,15,35,26,35
Texas Two Step,8,9,2012,14,31,13,24,23
Texas Two Step,8,13,2012,11,22,16,18,5
Texas Two Step,8,16,2012,30,25,5,15,31
Texas Two Step,8,20,2012,28,20,32,10,20
Texas Two Step,8,23,2012,13,31,33,20,26
Texas Two Step,8,27,2012,7,10,22,16,32
Texas Two Step,8,30,2012,35,9,29,27,4
Texas Two Step,9,3,2012,30,27,25,35,11
Texas Two Step,9,6,2012,2,27,8,31,4
Texas Two Step,9,10,2012,23,16,5,25,27
Texas Two Step,9,13,2012,6,20,31,15,6
Texas Two Step,9,17,2012,20,23,9,17,18
Texas Two Step,9,20,2012,9,4,14,21,5
Texas Two Step,9,24,2012,8,17,15,29,32
Texas Two Step,9,27,2012,16,27,35,21,22
Texas Two Step,10,1,2012,32,17,8,10,3
Texas Two Step,10,4,2012,23,6,15,25,33
Texas Two Step,10,8,2012,33,4,1,16,3
Texas Two Step,10,11,2012,5,22,2,12,13
Texas Two Step,10,15,2012,3,20,15,8,25
Texas Two Step,10,18,2012,29,8,6,30,28
Texas Two Step,10,22,2012,20,2,12,25,2
Texas Two Step,10,25,2012,35,28,8,20,20
Texas Two Step,10,29,2012,22,15,6,4,7
Texas Two Step,11,1,2012,9,15,34,5,20
Texas Two Step,11,5,2012,26,24,34,19,15
Texas Two Step,11,8,2012,1,25,30,8,15
Texas Two Step,11,12,2012,19,20,14,21,11
Texas Two Step,11,15,2012,14,3,12,29,5
Texas Two Step,11,19,2012,15,28,6,2,11
Texas Two Step,11,22,2012,7,26,23,33,12
Texas Two Step,11,26,2012,23,12,8,13,5
Texas Two Step,11,29,2012,18,24,7,26,14
Texas Two Step,12,3,2012,28,8,5,33,14
Texas Two Step,12,6,2012,1,7,31,2,16
Texas Two Step,12,10,2012,34,24,13,10,28
Texas Two Step,12,13,2012,8,35,16,19,33
Texas Two Step,12,17,2012,11,1,25,26,7
Texas Two Step,12,20,2012,15,35,10,3,27
Texas Two Step,12,24,2012,15,27,8,6,28
Texas Two Step,12,27,2012,34,31,17,7,11
Texas Two Step,12,31,2012,14,13,22,9,1
Texas Two Step,1,3,2013,17,24,9,5,25
Texas Two Step,1,7,2013,8,23,20,2,1
Texas Two Step,1,10,2013,21,26,18,2,3
Texas Two Step,1,14,2013,10,27,17,15,7
Texas Two Step,1,17,2013,25,35,30,27,3
Texas Two Step,1,21,2013,2,8,13,31,2
Texas Two Step,1,24,2013,31,35,17,4,2
Texas Two Step,1,28,2013,15,6,29,19,20
Texas Two Step,1,31,2013,14,30,2,31,1
Texas Two Step,2,4,2013,26,16,15,13,18
Texas Two Step,2,7,2013,20,4,25,33,32
Texas Two Step,2,11,2013,6,15,25,26,12
Texas Two Step,2,14,2013,6,29,34,10,29
Texas Two Step,2,18,2013,14,2,29,24,3
Texas Two Step,2,21,2013,33,9,11,1,8
Texas Two Step,2,25,2013,32,25,9,30,27
Texas Two Step,2,28,2013,13,14,21,4,3
Texas Two Step,3,4,2013,27,29,34,25,17
Texas Two Step,3,7,2013,5,30,32,4,21
Texas Two Step,3,11,2013,9,19,12,6,25
Texas Two Step,3,14,2013,2,3,13,14,13
Texas Two Step,3,18,2013,25,29,12,14,30
Texas Two Step,3,21,2013,4,23,9,8,3
Texas Two Step,3,25,2013,7,10,13,19,33
Texas Two Step,3,28,2013,18,1,23,28,32
Texas Two Step,4,1,2013,17,1,33,31,30
Texas Two Step,4,4,2013,23,31,34,33,14
Texas Two Step,4,8,2013,27,15,28,5,5
Texas Two Step,4,11,2013,12,7,21,18,10
Texas Two Step,4,15,2013,22,25,3,34,23
Texas Two Step,4,18,2013,29,15,28,30,21
Texas Two Step,4,22,2013,17,35,8,12,20
Texas Two Step,4,25,2013,2,7,10,24,17
Texas Two Step,4,29,2013,10,20,33,32,16
Texas Two Step,5,2,2013,31,9,18,16,11
Texas Two Step,5,6,2013,22,3,21,20,32
Texas Two Step,5,9,2013,7,31,17,10,8
Texas Two Step,5,13,2013,17,7,19,32,31
Texas Two Step,5,16,2013,4,32,19,26,19
Texas Two Step,5,20,2013,11,3,20,5,35
Texas Two Step,5,23,2013,29,15,34,12,22
Texas Two Step,5,27,2013,1,19,8,11,5
Texas Two Step,5,30,2013,2,21,17,5,1
Texas Two Step,6,3,2013,34,20,18,6,28
Texas Two Step,6,6,2013,31,17,3,34,23
Texas Two Step,6,10,2013,34,14,5,10,2
Texas Two Step,6,13,2013,22,16,5,26,2
Texas Two Step,6,17,2013,25,22,34,7,17
Texas Two Step,6,20,2013,9,7,32,12,23
Texas Two Step,6,24,2013,27,19,8,9,8
Texas Two Step,6,27,2013,20,8,25,18,13
Texas Two Step,7,1,2013,7,16,12,31,15
Texas Two Step,7,4,2013,26,23,25,15,8
Texas Two Step,7,8,2013,2,14,12,26,4
Texas Two Step,7,11,2013,21,29,32,27,21
Texas Two Step,7,15,2013,6,16,12,5,6
Texas Two Step,7,18,2013,14,5,6,17,3
Texas Two Step,7,22,2013,8,33,16,13,6
Texas Two Step,7,25,2013,35,13,20,23,7
Texas Two Step,7,29,2013,18,2,20,24,8
Texas Two Step,8,1,2013,6,27,26,30,16
Texas Two Step,8,5,2013,18,24,15,32,10
Texas Two Step,8,8,2013,4,18,15,20,34
Texas Two Step,8,12,2013,21,3,4,7,17
Texas Two Step,8,15,2013,19,11,3,27,16
Texas Two Step,8,19,2013,34,25,1,21,23
Texas Two Step,8,22,2013,21,6,1,24,17
Texas Two Step,8,26,2013,3,20,15,5,26
Texas Two Step,8,29,2013,10,11,30,31,26
Texas Two Step,9,2,2013,15,24,25,33,9
Texas Two Step,9,5,2013,18,7,34,26,10
Texas Two Step,9,9,2013,21,24,7,4,2
Texas Two Step,9,12,2013,9,3,19,23,30
Texas Two Step,9,16,2013,18,15,8,12,1
Texas Two Step,9,19,2013,9,18,13,24,18
Texas Two Step,9,23,2013,32,22,17,28,35
Texas Two Step,9,26,2013,7,10,12,21,11
Texas Two Step,9,30,2013,34,7,9,5,20
Texas Two Step,10,3,2013,28,19,8,14,1
Texas Two Step,10,7,2013,26,28,5,25,19
Texas Two Step,10,10,2013,14,3,34,27,34
Texas Two Step,10,14,2013,21,5,28,20,34
Texas Two Step,10,17,2013,21,16,26,13,22
Texas Two Step,10,21,2013,15,6,34,23,4
Texas Two Step,10,24,2013,15,13,33,10,15
Texas Two Step,10,28,2013,20,15,3,6,7
Texas Two Step,10,31,2013,5,17,29,24,6
Texas Two Step,11,4,2013,15,3,10,18,2
Texas Two Step,11,7,2013,13,31,17,15,7
Texas Two Step,11,11,2013,9,15,24,5,1
Texas Two Step,11,14,2013,16,23,33,17,35
Texas Two Step,11,18,2013,10,4,7,1,15
Texas Two Step,11,21,2013,34,31,15,35,26
Texas Two Step,11,25,2013,8,18,16,23,32
Texas Two Step,11,28,2013,27,20,9,31,11
Texas Two Step,12,2,2013,13,33,12,5,1
Texas Two Step,12,5,2013,12,20,17,34,5
Texas Two Step,12,9,2013,7,16,26,1,10
Texas Two Step,12,12,2013,3,35,22,28,3
Texas Two Step,12,16,2013,10,14,30,13,2
Texas Two Step,12,19,2013,15,9,30,20,20
Texas Two Step,12,23,2013,19,28,4,22,33
Texas Two Step,12,26,2013,28,30,6,32,23
Texas Two Step,12,30,2013,23,18,14,13,3
Texas Two Step,1,2,2014,19,15,8,27,23
Texas Two Step,1,6,2014,14,8,29,10,22
Texas Two Step,1,9,2014,25,29,15,6,17
Texas Two Step,1,13,2014,34,27,2,6,28
Texas Two Step,1,16,2014,30,34,8,25,18
Texas Two Step,1,20,2014,12,23,33,28,17
Texas Two Step,1,23,2014,7,1,15,26,24
Texas Two Step,1,27,2014,1,17,16,7,14
Texas Two Step,1,30,2014,11,20,29,8,5
Texas Two Step,2,3,2014,25,34,20,1,10
Texas Two Step,2,6,2014,16,23,3,30,9
Texas Two Step,2,10,2014,23,3,26,4,2
Texas Two Step,2,13,2014,23,4,14,33,19
Texas Two Step,2,17,2014,10,30,20,18,11
Texas Two Step,2,20,2014,6,5,32,20,35
Texas Two Step,2,24,2014,10,6,11,33,20
Texas Two Step,2,27,2014,13,21,15,9,6
Texas Two Step,3,3,2014,18,22,4,2,4
Texas Two Step,3,6,2014,8,5,34,6,11
Texas Two Step,3,10,2014,24,17,1,2,10
Texas Two Step,3,13,2014,17,32,28,3,28
Texas Two Step,3,17,2014,20,11,16,32,27
Texas Two Step,3,20,2014,34,8,4,21,30
Texas Two Step,3,24,2014,21,4,1,22,1
Texas Two Step,3,27,2014,19,14,32,7,24
Texas Two Step,3,31,2014,7,10,32,21,30
Texas Two Step,4,3,2014,13,34,21,24,10
Texas Two Step,4,7,2014,19,22,6,13,10
Texas Two Step,4,10,2014,31,16,13,21,15
Texas Two Step,4,14,2014,2,21,15,31,19
Texas Two Step,4,17,2014,13,22,7,2,28
Texas Two Step,4,21,2014,14,34,2,6,30
Texas Two Step,4,24,2014,10,4,15,8,13
Texas Two Step,4,28,2014,30,7,35,23,6
Texas Two Step,5,1,2014,17,2,24,20,17
Texas Two Step,5,5,2014,4,6,16,2,34
Texas Two Step,5,8,2014,1,4,29,10,21
Texas Two Step,5,12,2014,12,35,4,1,10
Texas Two Step,5,15,2014,22,6,34,7,8
Texas Two Step,5,19,2014,28,31,12,13,13
Texas Two Step,5,22,2014,5,11,21,6,33
Texas Two Step,5,26,2014,3,6,19,12,12
Texas Two Step,5,29,2014,5,14,22,8,8
Texas Two Step,6,2,2014,17,26,32,35,4
Texas Two Step,6,5,2014,13,25,7,8,20
Texas Two Step,6,9,2014,28,12,9,5,7
Texas Two Step,6,12,2014,11,3,4,13,15
Texas Two Step,6,16,2014,30,26,31,14,6
Texas Two Step,6,19,2014,30,25,21,35,35
Texas Two Step,6,23,2014,34,24,25,2,3
Texas Two Step,6,26,2014,32,13,18,31,3
Texas Two Step,6,30,2014,9,28,20,10,18
Texas Two Step,7,3,2014,20,15,2,22,23
Texas Two Step,7,7,2014,8,29,10,4,4
Texas Two Step,7,10,2014,17,16,8,31,15
Texas Two Step,7,14,2014,29,11,6,8,9
Texas Two Step,7,17,2014,2,12,28,3,23
Texas Two Step,7,21,2014,7,22,12,3,35
Texas Two Step,7,24,2014,18,6,25,11,7
Texas Two Step,7,28,2014,13,1,28,31,25
Texas Two Step,7,31,2014,13,21,25,22,22
Texas Two Step,8,4,2014,22,19,35,13,15
Texas Two Step,8,7,2014,12,14,3,26,16
Texas Two Step,8,11,2014,23,21,7,25,18
Texas Two Step,8,14,2014,33,28,4,30,3
Texas Two Step,8,18,2014,25,17,7,3,2
Texas Two Step,8,21,2014,25,6,23,5,20
Texas Two Step,8,25,2014,5,30,18,2,33
Texas Two Step,8,28,2014,19,18,24,34,15
Texas Two Step,9,1,2014,33,18,12,28,4
Texas Two Step,9,4,2014,29,26,13,30,12
Texas Two Step,9,8,2014,23,35,30,24,35
Texas Two Step,9,11,2014,4,3,27,13,13
Texas Two Step,9,15,2014,2,33,18,14,22
Texas Two Step,9,18,2014,22,17,7,14,25
Texas Two Step,9,22,2014,9,22,8,34,19
Texas Two Step,9,25,2014,4,1,11,31,34
Texas Two Step,9,29,2014,17,27,18,5,4
Texas Two Step,10,2,2014,4,32,30,18,8
Texas Two Step,10,6,2014,3,9,28,16,7
Texas Two Step,10,9,2014,20,3,22,30,12
Texas Two Step,10,13,2014,26,30,23,11,24
Texas Two Step,10,16,2014,33,22,32,31,21
Texas Two Step,10,20,2014,9,6,28,12,9
Texas Two Step,10,23,2014,1,18,9,19,35
Texas Two Step,10,27,2014,9,34,15,32,15
Texas Two Step,10,30,2014,28,2,34,3,30
Texas Two Step,11,3,2014,12,27,15,21,12
Texas Two Step,11,6,2014,2,14,35,27,24
Texas Two Step,11,10,2014,26,19,33,9,29
Texas Two Step,11,13,2014,33,12,27,1,25
Texas Two Step,11,17,2014,10,28,17,1,24
Texas Two Step,11,20,2014,30,19,9,34,21
Texas Two Step,11,24,2014,4,30,22,14,9
Texas Two Step,11,27,2014,24,18,15,5,10
Texas Two Step,12,1,2014,19,29,8,3,2
Texas Two Step,12,4,2014,35,26,3,18,19
Texas Two Step,12,8,2014,6,28,24,5,21
Texas Two Step,12,11,2014,2,14,3,30,4
Texas Two Step,12,15,2014,22,28,32,12,18
Texas Two Step,12,18,2014,15,11,13,24,5
Texas Two Step,12,22,2014,10,32,12,21,28
Texas Two Step,12,25,2014,19,33,15,27,13
Texas Two Step,12,29,2014,1,28,17,7,24
Texas Two Step,1,1,2015,7,32,21,9,3
Texas Two Step,1,5,2015,21,30,27,18,22
Texas Two Step,1,8,2015,34,26,9,14,10
Texas Two Step,1,12,2015,30,10,6,2,31
Texas Two Step,1,15,2015,25,21,34,26,11
Texas Two Step,1,19,2015,11,25,30,10,33
Texas Two Step,1,22,2015,21,23,28,18,4
Texas Two Step,1,26,2015,25,1,4,3,17
Texas Two Step,1,29,2015,31,27,24,25,20
Texas Two Step,2,2,2015,22,4,1,2,30
Texas Two Step,2,5,2015,4,7,31,10,12
Texas Two Step,2,9,2015,29,30,4,14,21
Texas Two Step,2,12,2015,22,23,24,34,13
Texas Two Step,2,16,2015,19,8,11,12,13
Texas Two Step,2,19,2015,28,25,16,23,5
Texas Two Step,2,23,2015,8,25,33,23,18
Texas Two Step,2,26,2015,35,33,9,15,9
Texas Two Step,3,2,2015,23,5,19,18,13
Texas Two Step,3,5,2015,35,14,19,30,26
Texas Two Step,3,9,2015,12,35,5,6,30
Texas Two Step,3,12,2015,27,17,1,8,8
Texas Two Step,3,16,2015,35,14,7,25,32
Texas Two Step,3,19,2015,25,3,34,21,30
Texas Two Step,3,23,2015,10,30,21,4,31
Texas Two Step,3,26,2015,12,10,25,15,15
Texas Two Step,3,30,2015,13,22,24,27,2
Texas Two Step,4,2,2015,34,33,32,12,24
Texas Two Step,4,6,2015,23,8,1,4,26
Texas Two Step,4,9,2015,34,25,24,6,9
Texas Two Step,4,13,2015,2,29,11,24,11
Texas Two Step,4,16,2015,28,3,5,4,11
Texas Two Step,4,20,2015,32,3,7,8,28
Texas Two Step,4,23,2015,17,4,26,34,33
Texas Two Step,4,27,2015,4,28,16,29,12
Texas Two Step,4,30,2015,26,4,21,15,21
Texas Two Step,5,4,2015,20,9,26,16,9
Texas Two Step,5,7,2015,31,6,1,16,28
Texas Two Step,5,11,2015,31,3,8,16,21
Texas Two Step,5,14,2015,14,34,18,4,27
Texas Two Step,5,18,2015,8,24,20,9,13
Texas Two Step,5,21,2015,33,29,26,2,32
Texas Two Step,5,25,2015,5,35,1,10,20
Texas Two Step,5,28,2015,3,23,34,4,15
Texas Two Step,6,1,2015,29,26,1,10,13
Texas Two Step,6,4,2015,27,32,28,6,34
Texas Two Step,6,8,2015,10,19,29,12,17
Texas Two Step,6,11,2015,19,25,28,4,6
Texas Two Step,6,15,2015,6,21,22,13,11
Texas Two Step,6,18,2015,28,23,5,2,16
Texas Two Step,6,22,2015,13,7,21,15,32
Texas Two Step,6,25,2015,28,21,11,8,9
Texas Two Step,6,29,2015,23,16,10,30,30
Texas Two Step,7,2,2015,26,7,2,20,30
Texas Two Step,7,6,2015,6,2,12,31,2
Texas Two Step,7,9,2015,30,7,25,29,1
Texas Two Step,7,13,2015,3,19,2,27,17
Texas Two Step,7,16,2015,3,28,20,34,21
Texas Two Step,7,20,2015,8,5,24,3,7
Texas Two Step,7,23,2015,31,7,25,35,22
Texas Two Step,7,27,2015,1,33,28,24,29
Texas Two Step,7,30,2015,6,16,17,12,1
Texas Two Step,8,3,2015,29,27,2,31,14
Texas Two Step,8,6,2015,35,7,22,28,10
Texas Two Step,8,10,2015,3,20,6,5,34
Texas Two Step,8,13,2015,7,32,33,25,20
Texas Two Step,8,17,2015,7,17,12,11,12
Texas Two Step,8,20,2015,3,25,35,30,35
Texas Two Step,8,24,2015,16,25,26,7,14
Texas Two Step,8,27,2015,5,22,19,15,8
Texas Two Step,8,31,2015,2,27,10,28,11
Texas Two Step,9,3,2015,5,12,18,8,4
Texas Two Step,9,7,2015,13,23,32,2,29
Texas Two Step,9,10,2015,4,35,30,2,11
Texas Two Step,9,14,2015,30,24,11,29,34
Texas Two Step,9,17,2015,35,4,1,17,19
Texas Two Step,9,21,2015,33,1,13,29,13
Texas Two Step,9,24,2015,19,20,16,23,7
Texas Two Step,9,28,2015,18,22,30,25,15
Texas Two Step,10,1,2015,21,31,10,15,23
Texas Two Step,10,5,2015,22,16,24,28,18
Texas Two Step,10,8,2015,21,22,3,24,28
Texas Two Step,10,12,2015,15,16,30,29,5
Texas Two Step,10,15,2015,15,23,18,14,15
Texas Two Step,10,19,2015,6,1,4,21,22
Texas Two Step,10,22,2015,29,19,15,16,27
Texas Two Step,10,26,2015,23,34,27,15,20
Texas Two Step,10,29,2015,5,15,21,11,27
Texas Two Step,11,2,2015,12,34,19,35,20
Texas Two Step,11,5,2015,10,23,15,14,34
Texas Two Step,11,9,2015,22,34,11,15,19
Texas Two Step,11,12,2015,30,24,21,29,20
Texas Two Step,11,16,2015,20,19,3,17,4
Texas Two Step,11,19,2015,31,17,10,20,2
Texas Two Step,11,23,2015,22,31,19,5,35
Texas Two Step,11,26,2015,20,34,13,30,8
Texas Two Step,11,30,2015,2,1,24,25,24
Texas Two Step,12,3,2015,5,3,23,17,20
Texas Two Step,12,7,2015,15,12,32,16,21
Texas Two Step,12,10,2015,35,33,26,22,31
Texas Two Step,12,14,2015,14,22,4,20,25
Texas Two Step,12,17,2015,19,10,27,9,24
Texas Two Step,12,21,2015,2,32,22,29,32
Texas Two Step,12,24,2015,34,3,6,31,10
Texas Two Step,12,28,2015,26,27,22,32,8
Texas Two Step,12,31,2015,9,34,14,7,30
Texas Two Step,1,4,2016,30,16,7,22,35
Texas Two Step,1,7,2016,35,5,26,16,12
Texas Two Step,1,11,2016,28,11,32,6,35
Texas Two Step,1,14,2016,3,27,17,4,18
Texas Two Step,1,18,2016,5,33,9,30,24
Texas Two Step,1,21,2016,8,19,11,9,17
Texas Two Step,1,25,2016,16,26,29,20,25
Texas Two Step,1,28,2016,6,14,12,21,3
Texas Two Step,2,1,2016,29,26,25,27,32
Texas Two Step,2,4,2016,6,1,22,15,17
Texas Two Step,2,8,2016,32,11,10,23,10
Texas Two Step,2,11,2016,3,1,20,6,12
Texas Two Step,2,15,2016,18,28,1,33,9
Texas Two Step,2,18,2016,4,24,2,16,30
Texas Two Step,2,22,2016,32,1,18,31,5
Texas Two Step,2,25,2016,5,16,8,23,25
Texas Two Step,2,29,2016,25,5,2,35,28
Texas Two Step,3,3,2016,9,15,14,24,20
Texas Two Step,3,7,2016,10,34,24,29,31
Texas Two Step,3,10,2016,29,34,27,26,18
Texas Two Step,3,14,2016,3,24,28,35,31
Texas Two Step,3,17,2016,8,3,10,12,13
Texas Two Step,3,21,2016,16,7,28,17,18
Texas Two Step,3,24,2016,14,8,11,12,32
Texas Two Step,3,28,2016,30,1,7,20,15
Texas Two Step,3,31,2016,25,22,12,3,7
Texas Two Step,4,4,2016,7,2,16,28,13
Texas Two Step,4,7,2016,18,27,5,2,30
Texas Two Step,4,11,2016,14,19,35,22,9
Texas Two Step,4,14,2016,20,16,13,30,32
Texas Two Step,4,18,2016,9,33,26,24,22
Texas Two Step,4,21,2016,18,9,30,26,19
Texas Two Step,4,25,2016,25,18,9,14,4
Texas Two Step,4,28,2016,7,12,1,5,16
Texas Two Step,5,2,2016,9,10,2,30,3
Texas Two Step,5,5,2016,7,32,15,34,8
Texas Two Step,5,9,2016,26,9,10,27,4
Texas Two Step,5,12,2016,33,15,6,27,20
Texas Two Step,5,16,2016,25,3,27,1,14
Texas Two Step,5,19,2016,7,16,27,9,15
Texas Two Step,5,23,2016,28,8,1,7,33
Texas Two Step,5,26,2016,32,19,33,4,14
Texas Two Step,5,30,2016,13,32,2,33,12
Texas Two Step,6,2,2016,30,2,29,18,3
Texas Two Step,6,6,2016,25,32,7,4,23
Texas Two Step,6,9,2016,24,8,20,26,24
Texas Two Step,6,13,2016,5,9,10,24,9
Texas Two Step,6,16,2016,1,5,23,34,17
Texas Two Step,6,20,2016,35,31,22,23,3
Texas Two Step,6,23,2016,20,19,21,28,32
Texas Two Step,6,27,2016,28,8,22,11,30
Texas Two Step,6,30,2016,33,23,14,18,33
Texas Two Step,7,4,2016,10,18,32,24,19
Texas Two Step,7,7,2016,31,27,8,34,5
Texas Two Step,7,11,2016,25,33,8,2,16
Texas Two Step,7,14,2016,17,18,19,31,17
Texas Two Step,7,18,2016,11,8,7,4,11
Texas Two Step,7,21,2016,34,24,33,17,12
Texas Two Step,7,25,2016,28,13,30,31,31
Texas Two Step,7,28,2016,33,8,16,20,2
Texas Two Step,8,1,2016,12,16,35,21,31
Texas Two Step,8,4,2016,12,19,30,28,23
Texas Two Step,8,8,2016,11,1,19,6,10
Texas Two Step,8,11,2016,9,16,24,26,31
Texas Two Step,8,15,2016,11,16,3,34,8
Texas Two Step,8,18,2016,24,18,30,26,29
Texas Two Step,8,22,2016,21,26,25,8,33
Texas Two Step,8,25,2016,25,23,8,21,30
Texas Two Step,8,29,2016,29,22,3,33,5
Texas Two Step,9,1,2016,29,15,19,28,1
Texas Two Step,9,5,2016,13,6,30,27,18
Texas Two Step,9,8,2016,23,26,12,28,34
Texas Two Step,9,12,2016,13,3,4,21,6
Texas Two Step,9,15,2016,4,3,17,15,21
Texas Two Step,9,19,2016,7,35,5,12,19
Texas Two Step,9,22,2016,30,32,20,4,8
Texas Two Step,9,26,2016,34,18,20,35,12
Texas Two Step,9,29,2016,24,8,32,7,5
Texas Two Step,10,3,2016,5,17,16,4,30
Texas Two Step,10,6,2016,17,33,26,27,24
Texas Two Step,10,10,2016,12,10,13,32,30
Texas Two Step,10,13,2016,12,2,17,10,34
Texas Two Step,10,17,2016,32,19,21,9,6
Texas Two Step,10,20,2016,19,31,22,9,24
Texas Two Step,10,24,2016,25,18,14,12,31
Texas Two Step,10,27,2016,25,35,33,28,9
Texas Two Step,10,31,2016,6,25,31,16,9
Texas Two Step,11,3,2016,20,33,28,23,23
Texas Two Step,11,7,2016,20,19,31,9,21
Texas Two Step,11,10,2016,7,17,2,30,13
Texas Two Step,11,14,2016,17,34,33,19,5
Texas Two Step,11,17,2016,19,29,12,11,14
Texas Two Step,11,21,2016,34,10,25,28,13
Texas Two Step,11,24,2016,11,18,1,23,16
Texas Two Step,11,28,2016,22,24,6,7,19
Texas Two Step,12,1,2016,32,17,3,1,3
Texas Two Step,12,5,2016,17,10,20,25,33
Texas Two Step,12,8,2016,5,31,32,4,32
Texas Two Step,12,12,2016,18,34,27,14,1
Texas Two Step,12,15,2016,31,21,19,22,7
Texas Two Step,12,19,2016,8,18,25,21,29
Texas Two Step,12,22,2016,33,17,20,15,7
Texas Two Step,12,26,2016,13,8,10,26,22
Texas Two Step,12,29,2016,35,10,27,29,2
Texas Two Step,1,2,2017,23,2,25,14,19
Texas Two Step,1,5,2017,10,31,28,11,26
Texas Two Step,1,9,2017,1,34,28,27,13
Texas Two Step,1,12,2017,9,14,16,10,2
Texas Two Step,1,16,2017,22,25,28,23,6
Texas Two Step,1,19,2017,6,19,7,12,31
Texas Two Step,1,23,2017,8,23,10,34,22
Texas Two Step,1,26,2017,23,3,20,27,30
Texas Two Step,1,30,2017,9,18,4,19,31
Texas Two Step,2,2,2017,22,6,32,27,14
Texas Two Step,2,6,2017,8,1,22,26,12
Texas Two Step,2,9,2017,11,17,1,10,15
Texas Two Step,2,13,2017,13,15,5,14,2
Texas Two Step,2,16,2017,12,34,6,29,12
Texas Two Step,2,20,2017,16,6,19,33,28
Texas Two Step,2,23,2017,30,23,18,5,30
Texas Two Step,2,27,2017,4,19,32,7,26
Texas Two Step,3,2,2017,27,14,6,18,28
Texas Two Step,3,6,2017,33,31,11,21,23
Texas Two Step,3,9,2017,22,7,32,35,32
Texas Two Step,3,13,2017,3,35,16,17,17
Texas Two Step,3,16,2017,21,16,4,22,11
Texas Two Step,3,20,2017,7,8,25,11,16
Texas Two Step,3,23,2017,22,5,34,20,1
Texas Two Step,3,27,2017,7,18,12,26,13
Texas Two Step,3,30,2017,15,16,33,30,12
Texas Two Step,4,3,2017,10,22,9,31,27
Texas Two Step,4,6,2017,32,22,11,29,22
Texas Two Step,4,10,2017,29,1,34,15,33
Texas Two Step,4,13,2017,26,21,35,18,9
Texas Two Step,4,17,2017,20,3,35,8,2
Texas Two Step,4,20,2017,25,16,34,14,31
Texas Two Step,4,24,2017,11,25,27,20,31
Texas Two Step,4,27,2017,5,33,19,34,5
Texas Two Step,5,1,2017,32,15,29,16,17
Texas Two Step,5,4,2017,30,12,34,2,18
Texas Two Step,5,8,2017,17,3,10,25,15
Texas Two Step,5,11,2017,33,28,7,24,16
Texas Two Step,5,15,2017,17,24,26,12,25
Texas Two Step,5,18,2017,11,30,17,22,21
Texas Two Step,5,22,2017,24,11,13,4,22
Texas Two Step,5,25,2017,4,2,34,31,9
Texas Two Step,5,29,2017,32,16,5,34,5
Texas Two Step,6,1,2017,31,2,1,32,1
Texas Two Step,6,5,2017,35,18,14,8,12
Texas Two Step,6,8,2017,26,12,18,15,19
Texas Two Step,6,12,2017,34,13,7,15,6
Texas Two Step,6,15,2017,19,32,23,35,7
Texas Two Step,6,19,2017,33,29,6,24,15
Texas Two Step,6,22,2017,12,2,20,27,9
Texas Two Step,6,26,2017,25,6,19,15,3
Texas Two Step,6,29,2017,17,33,25,13,6
Texas Two Step,7,3,2017,12,24,29,3,23
Texas Two Step,7,6,2017,16,20,34,6,17
Texas Two Step,7,10,2017,30,26,25,27,4
Texas Two Step,7,13,2017,24,26,22,27,8
Texas Two Step,7,17,2017,31,17,32,4,13
Texas Two Step,7,20,2017,16,27,28,20,34
Texas Two Step,7,24,2017,5,33,4,35,21
Texas Two Step,7,27,2017,17,22,1,4,5
Texas Two Step,7,31,2017,10,26,15,22,19
Texas Two Step,8,3,2017,33,26,9,29,5
Texas Two Step,8,7,2017,30,21,11,26,33
Texas Two Step,8,10,2017,21,10,6,19,16
Texas Two Step,8,14,2017,32,16,17,6,5
Texas Two Step,8,17,2017,26,5,33,25,19
Texas Two Step,8,21,2017,26,5,10,30,6
Texas Two Step,8,24,2017,1,21,20,16,31
Texas Two Step,8,28,2017,4,13,14,17,28
Texas Two Step,8,31,2017,26,3,8,25,22
Texas Two Step,9,4,2017,23,9,8,15,11
Texas Two Step,9,7,2017,32,33,1,16,4
Texas Two Step,9,11,2017,10,24,30,14,9
Texas Two Step,9,14,2017,9,29,16,19,23
Texas Two Step,9,18,2017,9,32,26,4,30
Texas Two Step,9,21,2017,30,14,18,9,1
Texas Two Step,9,25,2017,28,7,19,31,30
Texas Two Step,9,28,2017,15,7,4,23,27
Texas Two Step,10,2,2017,18,15,31,13,5
Texas Two Step,10,5,2017,5,21,18,2,31
Texas Two Step,10,9,2017,27,7,11,12,18
Texas Two Step,10,12,2017,8,9,26,15,27
Texas Two Step,10,16,2017,24,10,35,22,32
Texas Two Step,10,19,2017,19,35,29,2,24
Texas Two Step,10,23,2017,4,31,11,6,27
Texas Two Step,10,26,2017,25,10,1,3,25
Texas Two Step,10,30,2017,5,35,33,19,29
Texas Two Step,11,2,2017,7,2,10,19,20
Texas Two Step,11,6,2017,35,3,32,13,16
Texas Two Step,11,9,2017,15,24,19,26,24
Texas Two Step,11,13,2017,27,4,29,10,28
Texas Two Step,11,16,2017,21,17,12,10,17
Texas Two Step,11,20,2017,31,30,5,13,4
Texas Two Step,11,23,2017,13,1,5,10,33
Texas Two Step,11,27,2017,27,9,11,25,26
Texas Two Step,11,30,2017,21,1,5,8,18
Texas Two Step,12,4,2017,7,19,20,31,5
Texas Two Step,12,7,2017,12,25,26,14,31
Texas Two Step,12,11,2017,4,28,20,25,30
Texas Two Step,12,14,2017,35,4,16,23,25
Texas Two Step,12,18,2017,13,21,4,32,20
Texas Two Step,12,21,2017,25,26,20,8,11
Texas Two Step,12,25,2017,2,19,12,29,27
Texas Two Step,12,28,2017,6,7,33,19,30
Texas Two Step,1,1,2018,14,1,27,22,9
Texas Two Step,1,4,2018,27,35,18,17,28
Texas Two Step,1,8,2018,23,11,29,18,17
Texas Two Step,1,11,2018,4,18,29,15,33
Texas Two Step,1,15,2018,35,15,28,19,24
Texas Two Step,1,18,2018,6,31,2,27,20
Texas Two Step,1,22,2018,33,19,2,20,6
Texas Two Step,1,25,2018,25,19,33,29,7
Texas Two Step,1,29,2018,3,11,24,7,22
Texas Two Step,2,1,2018,19,4,7,14,34
Texas Two Step,2,5,2018,10,2,4,23,16
Texas Two Step,2,8,2018,27,22,16,31,26
Texas Two Step,2,12,2018,27,2,33,20,12
Texas Two Step,2,15,2018,25,30,15,1,22
Texas Two Step,2,19,2018,26,4,9,23,6
Texas Two Step,2,22,2018,25,10,15,8,24
Texas Two Step,2,26,2018,31,13,18,32,31
Texas Two Step,3,1,2018,11,14,19,16,16
Texas Two Step,3,5,2018,1,19,23,35,17
Texas Two Step,3,8,2018,12,35,15,21,9
Texas Two Step,3,12,2018,22,12,33,31,4
Texas Two Step,3,15,2018,34,5,8,18,18
Texas Two Step,3,19,2018,16,27,31,18,21
Texas Two Step,3,22,2018,11,22,30,17,24
Texas Two Step,3,26,2018,8,35,2,27,30
Texas Two Step,3,29,2018,18,6,24,20,12
Texas Two Step,4,2,2018,8,9,35,34,21
Texas Two Step,4,5,2018,9,2,21,10,21
Texas Two Step,4,9,2018,20,2,24,4,14
Texas Two Step,4,12,2018,31,17,32,22,26
Texas Two Step,4,16,2018,17,34,30,4,14
Texas Two Step,4,19,2018,13,17,12,29,20
Texas Two Step,4,23,2018,1,33,31,18,14
Texas Two Step,4,26,2018,34,18,16,11,27
Texas Two Step,4,30,2018,25,20,3,14,6
Texas Two Step,5,3,2018,13,6,25,31,5
Texas Two Step,5,7,2018,20,21,10,17,16
Texas Two Step,5,10,2018,22,7,11,4,18
Texas Two Step,5,14,2018,15,13,10,17,22
Texas Two Step,5,17,2018,3,10,7,8,8
Texas Two Step,5,21,2018,35,12,11,24,1
Texas Two Step,5,24,2018,33,8,18,1,22
Texas Two Step,5,28,2018,9,15,8,7,23
Texas Two Step,5,31,2018,1,22,31,25,29
Texas Two Step,6,4,2018,19,25,8,2,12
Texas Two Step,6,7,2018,4,13,22,1,32
Texas Two Step,6,11,2018,23,2,29,20,4
Texas Two Step,6,14,2018,25,5,4,24,9
Texas Two Step,6,18,2018,12,11,9,31,2
Texas Two Step,6,21,2018,18,30,17,16,19
Texas Two Step,6,25,2018,6,8,32,22,20
Texas Two Step,6,28,2018,31,23,5,15,23
Texas Two Step,7,2,2018,29,34,10,17,9
Texas Two Step,7,5,2018,10,6,22,28,20
Texas Two Step,7,9,2018,23,13,7,2,32
Texas Two Step,7,12,2018,6,3,19,18,21
Texas Two Step,7,16,2018,34,18,6,30,23
Texas Two Step,7,19,2018,24,10,28,13,17
Texas Two Step,7,23,2018,12,34,30,15,11
Texas Two Step,7,26,2018,1,33,13,3,15
Texas Two Step,7,30,2018,19,4,27,14,6
Texas Two Step,8,2,2018,1,23,15,6,27
Texas Two Step,8,6,2018,5,14,28,12,20
Texas Two Step,8,9,2018,14,26,19,6,10
Texas Two Step,8,13,2018,3,1,18,33,22
Texas Two Step,8,16,2018,5,17,1,4,14
Texas Two Step,8,20,2018,24,18,23,26,11
Texas Two Step,8,23,2018,18,8,7,10,15
Texas Two Step,8,27,2018,2,25,10,6,34
Texas Two Step,8,30,2018,12,20,33,13,3
Texas Two Step,9,3,2018,25,11,31,26,16
Texas Two Step,9,6,2018,21,6,10,4,26
Texas Two Step,9,10,2018,35,13,3,17,19
Texas Two Step,9,13,2018,17,32,4,22,17
Texas Two Step,9,17,2018,12,26,35,31,29
Texas Two Step,9,20,2018,31,8,32,34,5
Texas Two Step,9,24,2018,22,29,7,21,13
Texas Two Step,9,27,2018,4,1,17,23,32
Texas Two Step,10,1,2018,16,34,13,27,11
Texas Two Step,10,4,2018,17,28,11,26,33
Texas Two Step,10,8,2018,30,22,5,2,9
Texas Two Step,10,11,2018,19,5,24,18,18
Texas Two Step,10,15,2018,26,12,27,23,17
Texas Two Step,10,18,2018,16,6,19,2,14
Texas Two Step,10,22,2018,13,24,12,15,28
Texas Two Step,10,25,2018,10,28,4,30,28
Texas Two Step,10,29,2018,12,20,17,6,26
Texas Two Step,11,1,2018,15,12,18,21,30
Texas Two Step,11,5,2018,26,28,2,33,25
Texas Two Step,11,8,2018,34,18,35,22,7
Texas Two Step,11,12,2018,33,15,19,29,32
Texas Two Step,11,15,2018,17,27,24,23,11
Texas Two Step,11,19,2018,7,16,35,24,1
Texas Two Step,11,22,2018,32,33,14,34,20
Texas Two Step,11,26,2018,12,34,23,30,22
Texas Two Step,11,29,2018,11,30,4,26,20
Texas Two Step,12,3,2018,34,16,20,29,22
Texas Two Step,12,6,2018,15,29,16,8,30
Texas Two Step,12,10,2018,7,26,29,13,6
Texas Two Step,12,13,2018,19,21,26,14,7
Texas Two Step,12,17,2018,7,30,31,35,28
Texas Two Step,12,20,2018,23,33,5,35,31
Texas Two Step,12,24,2018,33,17,34,23,23
Texas Two Step,12,27,2018,17,26,31,7,28
Texas Two Step,12,31,2018,8,29,16,19,4
Texas Two Step,1,3,2019,15,1,24,16,8
Texas Two Step,1,7,2019,14,2,18,24,28
Texas Two Step,1,10,2019,21,26,29,11,20
Texas Two Step,1,14,2019,21,13,11,28,2
Texas Two Step,1,17,2019,16,26,20,31,12
Texas Two Step,1,21,2019,32,3,22,15,15
Texas Two Step,1,24,2019,20,1,26,22,16
Texas Two Step,1,28,2019,20,35,24,3,14
Texas Two Step,1,31,2019,12,1,4,11,22
Texas Two Step,2,4,2019,1,19,4,9,12
Texas Two Step,2,7,2019,15,2,33,27,24
Texas Two Step,2,11,2019,14,24,6,17,21
Texas Two Step,2,14,2019,4,13,24,26,9
Texas Two Step,2,18,2019,1,34,12,31,12
Texas Two Step,2,21,2019,16,19,30,11,12
Texas Two Step,2,25,2019,29,1,10,27,12
Texas Two Step,2,28,2019,28,23,22,9,22
Texas Two Step,3,4,2019,19,29,14,30,27
Texas Two Step,3,7,2019,7,15,27,16,17
Texas Two Step,3,11,2019,13,10,27,30,15
Texas Two Step,3,14,2019,25,18,24,19,25
Texas Two Step,3,18,2019,30,21,13,3,24
Texas Two Step,3,21,2019,23,15,34,21,11
Texas Two Step,3,25,2019,15,2,34,16,32
Texas Two Step,3,28,2019,8,21,12,20,33
Texas Two Step,4,1,2019,25,6,8,16,13
Texas Two Step,4,4,2019,21,33,5,28,11
Texas Two Step,4,8,2019,30,28,31,4,23
Texas Two Step,4,11,2019,7,23,17,16,3
Texas Two Step,4,15,2019,21,30,33,19,32
Texas Two Step,4,18,2019,4,16,32,18,28
Texas Two Step,4,22,2019,8,5,2,22,13
Texas Two Step,4,25,2019,6,20,14,28,14
Texas Two Step,4,29,2019,17,34,15,3,22
Texas Two Step,5,2,2019,27,22,21,17,26
Texas Two Step,5,6,2019,20,1,6,25,33
Texas Two Step,5,9,2019,9,7,21,2,2
Texas Two Step,5,13,2019,15,35,31,17,14
Texas Two Step,5,16,2019,23,34,31,14,30
Texas Two Step,5,20,2019,8,1,16,17,2
Texas Two Step,5,23,2019,19,31,1,33,33
Texas Two Step,5,27,2019,22,7,19,30,8
Texas Two Step,5,30,2019,5,24,1,28,31
Texas Two Step,6,3,2019,12,8,9,35,27
Texas Two Step,6,6,2019,17,12,7,9,17
Texas Two Step,6,10,2019,25,8,32,15,11
Texas Two Step,6,13,2019,8,33,6,14,10
Texas Two Step,6,17,2019,16,12,19,3,13
Texas Two Step,6,20,2019,9,6,8,33,4
Texas Two Step,6,24,2019,4,29,16,33,17
Texas Two Step,6,27,2019,4,6,17,16,9
Texas Two Step,7,1,2019,30,19,17,27,10
Texas Two Step,7,4,2019,32,18,26,3,6
Texas Two Step,7,8,2019,28,29,20,7,35
Texas Two Step,7,11,2019,29,33,22,25,1
Texas Two Step,7,15,2019,5,30,8,31,2
Texas Two Step,7,18,2019,2,26,10,24,34
Texas Two Step,7,22,2019,24,5,6,1,5
Texas Two Step,7,25,2019,17,1,6,29,2
Texas Two Step,7,29,2019,32,21,27,30,20
Texas Two Step,8,1,2019,2,1,10,23,28
Texas Two Step,8,5,2019,29,25,22,10,5
Texas Two Step,8,8,2019,1,5,9,4,33
Texas Two Step,8,12,2019,19,34,1,7,2
Texas Two Step,8,15,2019,20,4,32,26,6
Texas Two Step,8,19,2019,11,21,3,25,4
Texas Two Step,8,22,2019,2,5,24,6,1
Texas Two Step,8,26,2019,35,32,4,13,5
Texas Two Step,8,29,2019,11,26,24,14,35
Texas Two Step,9,2,2019,10,18,7,5,19
Texas Two Step,9,5,2019,4,6,31,33,30
Texas Two Step,9,9,2019,6,4,33,3,8
Texas Two Step,9,12,2019,26,23,4,28,26
Texas Two Step,9,16,2019,31,21,13,8,12
Texas Two Step,9,19,2019,15,14,19,26,7
Texas Two Step,9,23,2019,34,10,2,22,30
Texas Two Step,9,26,2019,6,11,32,25,4
Texas Two Step,9,30,2019,26,12,3,24,17
Texas Two Step,10,3,2019,2,32,14,34,18
Texas Two Step,10,7,2019,12,23,10,32,16
Texas Two Step,10,10,2019,22,20,8,35,13
Texas Two Step,10,14,2019,2,20,12,4,18
Texas Two Step,10,17,2019,9,23,20,32,7
Texas Two Step,10,21,2019,14,13,15,33,3
Texas Two Step,10,24,2019,6,31,27,2,6
Texas Two Step,10,28,2019,14,1,6,7,19
Texas Two Step,10,31,2019,4,26,31,2,3
Texas Two Step,11,4,2019,5,4,10,34,15
Texas Two Step,11,7,2019,20,27,5,26,29
Texas Two Step,11,11,2019,30,34,31,6,21
Texas Two Step,11,14,2019,1,17,32,9,31
Texas Two Step,11,18,2019,31,33,19,17,13
Texas Two Step,11,21,2019,19,26,4,24,33
Texas Two Step,11,25,2019,2,15,3,9,16
Texas Two Step,11,28,2019,16,33,35,6,11
Texas Two Step,12,2,2019,32,31,21,23,5
Texas Two Step,12,5,2019,7,18,11,15,30
Texas Two Step,12,9,2019,9,29,26,33,3
Texas Two Step,12,12,2019,4,10,26,14,24
Texas Two Step,12,16,2019,5,26,30,15,30
Texas Two Step,12,19,2019,31,35,12,27,18
Texas Two Step,12,23,2019,10,24,4,19,4
Texas Two Step,12,26,2019,13,2,24,1,20
Texas Two Step,12,30,2019,21,2,26,13,27
Texas Two Step,1,2,2020,8,22,10,34,33
Texas Two Step,1,6,2020,31,3,2,15,19
Texas Two Step,1,9,2020,10,30,34,16,25
Texas Two Step,1,13,2020,1,25,27,11,29
Texas Two Step,1,16,2020,11,33,6,31,13
Texas Two Step,1,20,2020,22,11,16,2,22
Texas Two Step,1,23,2020,16,18,20,3,16
Texas Two Step,1,27,2020,22,17,2,14,35
Texas Two Step,1,30,2020,10,2,34,16,11
Texas Two Step,2,3,2020,27,6,28,29,10
Texas Two Step,2,6,2020,33,8,5,34,20
Texas Two Step,2,10,2020,21,25,23,33,5
Texas Two Step,2,13,2020,5,14,28,11,27
Texas Two Step,2,17,2020,20,16,31,21,11
Texas Two Step,2,20,2020,18,33,17,19,24
Texas Two Step,2,24,2020,31,6,8,29,32
Texas Two Step,2,27,2020,30,31,13,24,5
Texas Two Step,3,2,2020,27,17,9,14,3
Texas Two Step,3,5,2020,33,32,23,28,3
Texas Two Step,3,9,2020,32,31,34,25,33
Texas Two Step,3,12,2020,18,1,4,20,20
Texas Two Step,3,16,2020,1,27,25,2,18
Texas Two Step,3,19,2020,27,22,5,3,26
Texas Two Step,3,23,2020,13,24,29,22,23
Texas Two Step,3,26,2020,3,30,28,22,10
Texas Two Step,3,30,2020,35,19,20,5,12
Texas Two Step,4,2,2020,5,12,26,33,22
Texas Two Step,4,6,2020,30,26,3,14,22
Texas Two Step,4,9,2020,19,5,4,28,32
Texas Two Step,4,13,2020,33,22,3,30,3
Texas Two Step,4,16,2020,23,2,18,3,8
Texas Two Step,4,20,2020,23,1,15,29,4
Texas Two Step,4,23,2020,10,7,18,33,31
Texas Two Step,4,27,2020,18,13,4,35,25
Texas Two Step,4,30,2020,27,11,13,32,3
Texas Two Step,5,4,2020,19,23,5,28,2
Texas Two Step,5,7,2020,23,24,17,34,7
Texas Two Step,5,11,2020,30,26,8,20,27
Texas Two Step,5,14,2020,8,30,11,3,29
Texas Two Step,5,18,2020,6,12,19,5,5
Texas Two Step,5,21,2020,31,18,5,3,3
Texas Two Step,5,25,2020,8,5,3,10,30
Texas Two Step,5,28,2020,4,18,23,9,29
Texas Two Step,6,1,2020,3,18,24,14,24
Texas Two Step,6,4,2020,24,8,26,10,17
Texas Two Step,6,8,2020,21,1,24,13,1
Texas Two Step,6,11,2020,15,34,30,9,2
Texas Two Step,6,15,2020,22,1,27,15,26
Texas Two Step,6,18,2020,23,6,32,27,20
Texas Two Step,6,22,2020,11,5,31,16,11
Texas Two Step,6,25,2020,18,2,19,25,33
Texas Two Step,6,29,2020,14,18,24,17,13
Texas Two Step,7,2,2020,4,30,1,22,18
Texas Two Step,7,6,2020,7,15,1,21,20
Texas Two Step,7,9,2020,32,25,23,30,20
Texas Two Step,7,13,2020,5,6,25,29,19
Texas Two Step,7,16,2020,13,32,9,29,27
Texas Two Step,7,20,2020,25,22,18,19,24
Texas Two Step,7,23,2020,5,25,22,28,34
Texas Two Step,7,27,2020,34,30,25,20,17
Texas Two Step,7,30,2020,4,17,14,18,15
Texas Two Step,8,3,2020,35,20,23,17,25
Texas Two Step,8,6,2020,4,1,34,13,18
Texas Two Step,8,10,2020,23,15,28,1,31
Texas Two Step,8,13,2020,27,29,3,8,29
Texas Two Step,8,17,2020,3,24,28,26,14
Texas Two Step,8,20,2020,4,8,11,27,9
Texas Two Step,8,24,2020,10,11,21,28,30
Texas Two Step,8,27,2020,16,10,13,20,27
Texas Two Step,8,31,2020,34,35,9,29,28
Texas Two Step,9,3,2020,19,3,27,29,13
Texas Two Step,9,7,2020,4,19,14,23,24
Texas Two Step,9,10,2020,13,32,2,34,17
Texas Two Step,9,14,2020,35,5,7,30,4
Texas Two Step,9,17,2020,1,28,32,4,6
Texas Two Step,9,21,2020,11,34,29,25,17
Texas Two Step,9,24,2020,1,15,18,22,7
Texas Two Step,9,28,2020,12,35,25,4,31
Texas Two Step,10,1,2020,21,7,9,14,1
Texas Two Step,10,5,2020,4,9,21,19,1
Texas Two Step,10,8,2020,20,12,14,34,31
Texas Two Step,10,12,2020,29,34,6,23,3
Texas Two Step,10,15,2020,6,13,9,27,33
Texas Two Step,10,19,2020,29,26,10,1,34
Texas Two Step,10,22,2020,23,17,9,19,1
Texas Two Step,10,26,2020,15,28,32,24,17
Texas Two Step,10,29,2020,11,5,8,10,12
Texas Two Step,11,2,2020,21,24,28,4,5
Texas Two Step,11,5,2020,6,18,4,19,15
Texas Two Step,11,9,2020,28,32,15,8,35
Texas Two Step,11,12,2020,26,32,10,21,28
Texas Two Step,11,16,2020,3,2,18,7,32
Texas Two Step,11,19,2020,19,14,20,15,34
Texas Two Step,11,23,2020,32,21,4,29,32
Texas Two Step,11,26,2020,34,4,13,21,4
Texas Two Step,11,30,2020,25,23,9,29,34
Texas Two Step,12,3,2020,13,5,16,30,11
Texas Two Step,12,7,2020,8,26,20,3,5
Texas Two Step,12,10,2020,14,25,4,1,3
Texas Two Step,12,14,2020,34,9,22,3,29
Texas Two Step,12,17,2020,31,32,26,2,26
Texas Two Step,12,21,2020,7,33,25,5,4
Texas Two Step,12,24,2020,2,26,11,35,25
Texas Two Step,12,28,2020,19,12,15,7,4
Texas Two Step,12,31,2020,20,12,16,33,13
Texas Two Step,1,4,2021,6,1,25,11,12
Texas Two Step,1,7,2021,23,17,21,1,20
Texas Two Step,1,11,2021,4,31,8,1,11
Texas Two Step,1,14,2021,29,26,23,21,18
Texas Two Step,1,18,2021,5,18,1,28,15
Texas Two Step,1,21,2021,32,4,6,12,5
Texas Two Step,1,25,2021,29,4,24,20,27
Texas Two Step,1,28,2021,25,15,1,21,30
Texas Two Step,2,1,2021,25,17,20,12,30
Texas Two Step,2,4,2021,18,8,1,12,33
Texas Two Step,2,8,2021,26,25,18,23,22
Texas Two Step,2,11,2021,10,14,6,1,1
Texas Two Step,2,15,2021,18,26,11,30,35
Texas Two Step,2,18,2021,19,9,22,5,27
Texas Two Step,2,22,2021,25,35,7,30,12
Texas Two Step,2,25,2021,13,2,26,24,16
Texas Two Step,3,1,2021,3,15,22,30,29
Texas Two Step,3,4,2021,30,3,11,19,17
Texas Two Step,3,8,2021,28,6,3,30,24
Texas Two Step,3,11,2021,8,9,28,3,18
Texas Two Step,3,15,2021,34,15,12,27,35
Texas Two Step,3,18,2021,7,29,22,26,7
Texas Two Step,3,22,2021,32,4,30,3,27
Texas Two Step,3,25,2021,25,27,20,17,29
Texas Two Step,3,29,2021,26,24,19,16,28
Texas Two Step,4,1,2021,10,14,28,34,19
Texas Two Step,4,5,2021,34,16,17,19,23
Texas Two Step,4,8,2021,26,2,8,29,24
Texas Two Step,4,12,2021,19,1,5,10,20
Texas Two Step,4,15,2021,9,21,22,3,22
Texas Two Step,4,19,2021,17,13,14,30,25
Texas Two Step,4,22,2021,16,27,25,20,4
Texas Two Step,4,26,2021,18,13,29,6,26
Texas Two Step,4,29,2021,10,9,3,11,30
Texas Two Step,5,3,2021,1,11,12,27,20
Texas Two Step,5,6,2021,15,2,16,10,12
Texas Two Step,5,10,2021,5,17,32,21,10
Texas Two Step,5,13,2021,23,33,9,16,34
Texas Two Step,5,17,2021,13,20,28,7,25
Texas Two Step,5,20,2021,4,20,15,11,5
Texas Two Step,5,24,2021,8,4,18,32,10
Texas Two Step,5,27,2021,2,35,13,24,19
Texas Two Step,5,31,2021,11,15,5,35,29
Texas Two Step,6,3,2021,10,9,16,35,15
Texas Two Step,6,7,2021,32,21,31,35,35
Texas Two Step,6,10,2021,13,25,11,34,21
Texas Two Step,6,14,2021,11,29,21,20,9
Texas Two Step,6,17,2021,30,11,35,31,32
Texas Two Step,6,21,2021,24,34,12,23,11
Texas Two Step,6,24,2021,25,8,31,27,9
Texas Two Step,6,28,2021,30,2,23,24,6
Texas Two Step,7,1,2021,10,14,27,30,24
Texas Two Step,7,5,2021,31,9,23,1,14
Texas Two Step,7,8,2021,14,29,3,28,8
Texas Two Step,7,12,2021,3,13,25,20,6
Texas Two Step,7,15,2021,12,30,18,29,31
Texas Two Step,7,19,2021,25,9,16,27,20
Texas Two Step,7,22,2021,27,28,4,12,20
Texas Two Step,7,26,2021,34,32,26,14,18
Texas Two Step,7,29,2021,29,33,2,7,3
Texas Two Step,8,2,2021,16,5,8,6,14
Texas Two Step,8,5,2021,6,1,30,8,30
Texas Two Step,8,9,2021,24,13,5,16,15
Texas Two Step,8,12,2021,22,28,32,26,16
Texas Two Step,8,16,2021,21,26,32,16,19
Texas Two Step,8,19,2021,34,23,17,1,12
Texas Two Step,8,23,2021,1,29,4,2,31
Texas Two Step,8,26,2021,3,4,12,32,18
Texas Two Step,8,30,2021,4,9,13,33,19
Texas Two Step,9,2,2021,19,21,25,30,2
Texas Two Step,9,6,2021,16,13,21,7,11
Texas Two Step,9,9,2021,1,23,4,32,26
Texas Two Step,9,13,2021,26,7,23,33,3
Texas Two Step,9,16,2021,1,12,8,13,27
Texas Two Step,9,20,2021,21,25,30,28,22
Texas Two Step,9,23,2021,21,26,4,34,26
Texas Two Step,9,27,2021,25,8,4,31,24
Texas Two Step,9,30,2021,9,25,30,2,26
Texas Two Step,10,4,2021,22,11,28,21,32
Texas Two Step,10,7,2021,16,35,19,2,22
Texas Two Step,10,11,2021,4,20,30,19,27
Texas Two Step,10,14,2021,15,26,28,1,35
Texas Two Step,10,18,2021,20,17,32,5,28
Texas Two Step,10,21,2021,13,4,30,8,27
Texas Two Step,10,25,2021,30,8,12,10,32
Texas Two Step,10,28,2021,12,18,30,35,5
Texas Two Step,11,1,2021,3,13,19,34,24
Texas Two Step,11,4,2021,17,28,12,32,25
Texas Two Step,11,8,2021,4,27,17,32,2
Texas Two Step,11,11,2021,2,20,24,7,30
Texas Two Step,11,15,2021,34,3,4,19,7
Texas Two Step,11,18,2021,6,17,26,14,30
Texas Two Step,11,22,2021,29,27,12,8,23
Texas Two Step,11,25,2021,21,26,5,2,24
Texas Two Step,11,29,2021,26,29,22,1,25
Texas Two Step,12,2,2021,22,25,4,9,1
Texas Two Step,12,6,2021,5,31,33,13,34
Texas Two Step,12,9,2021,7,14,10,4,4
Texas Two Step,12,13,2021,4,28,24,1,25
Texas Two Step,12,16,2021,31,28,1,32,22
Texas Two Step,12,20,2021,21,34,17,24,11
Texas Two Step,12,23,2021,21,13,3,34,15
Texas Two Step,12,27,2021,20,31,33,13,28
Texas Two Step,12,30,2021,35,3,28,13,2
Texas Two Step,1,3,2022,29,21,33,2,21
Texas Two Step,1,6,2022,28,16,24,2,13
Texas Two Step,1,10,2022,16,33,21,22,9
Texas Two Step,1,13,2022,18,25,17,23,15
Texas Two Step,1,17,2022,14,35,5,4,5
Texas Two Step,1,20,2022,15,1,28,5,6
Texas Two Step,1,24,2022,32,16,4,13,29
Texas Two Step,1,27,2022,2,30,4,15,6
Texas Two Step,1,31,2022,6,14,33,30,12
Texas Two Step,2,3,2022,18,28,21,24,11
Texas Two Step,2,7,2022,29,1,17,23,32
Texas Two Step,2,10,2022,16,21,17,13,32
Texas Two Step,2,14,2022,26,10,7,24,25
Texas Two Step,2,17,2022,9,32,30,34,14
Texas Two Step,2,21,2022,2,28,25,26,5
Texas Two Step,2,24,2022,20,30,9,26,13
Texas Two Step,2,28,2022,28,17,29,15,22
Texas Two Step,3,3,2022,22,35,17,4,2
Texas Two Step,3,7,2022,31,33,17,8,13
Texas Two Step,3,10,2022,31,28,12,17,31
Texas Two Step,3,14,2022,15,11,26,3,33
Texas Two Step,3,17,2022,13,27,33,35,11
Texas Two Step,3,21,2022,7,26,34,24,22
Texas Two Step,3,24,2022,13,18,35,8,15
Texas Two Step,3,28,2022,31,8,23,7,33
Texas Two Step,3,31,2022,15,26,28,17,10
Texas Two Step,4,4,2022,30,22,18,27,1
Texas Two Step,4,7,2022,23,5,12,25,13
Texas Two Step,4,11,2022,32,15,33,11,32
Texas Two Step,4,14,2022,14,10,26,29,31
Texas Two Step,4,18,2022,30,20,10,24,10
Texas Two Step,4,21,2022,33,25,8,7,29
Texas Two Step,4,25,2022,22,14,9,34,33
Texas Two Step,4,28,2022,16,6,22,29,26
Texas Two Step,5,2,2022,12,16,35,15,28
Texas Two Step,5,5,2022,35,33,26,15,14
Texas Two Step,5,9,2022,33,17,16,22,28
Texas Two Step,5,12,2022,9,19,7,21,33
Texas Two Step,5,16,2022,4,32,13,22,15
Texas Two Step,5,19,2022,12,22,25,21,1
Texas Two Step,5,23,2022,12,19,30,32,30
Texas Two Step,5,26,2022,34,35,5,12,18
Texas Two Step,5,30,2022,8,24,6,29,24
Texas Two Step,6,2,2022,32,12,9,2,3
Texas Two Step,6,6,2022,35,8,2,20,8
Texas Two Step,6,9,2022,24,18,15,8,18
Texas Two Step,6,13,2022,1,23,3,14,7
Texas Two Step,6,16,2022,19,1,5,6,35
Texas Two Step,6,20,2022,35,29,15,34,18
Texas Two Step,6,23,2022,14,22,26,15,24
Texas Two Step,6,27,2022,31,19,23,5,32
Texas Two Step,6,30,2022,30,15,6,22,14
Texas Two Step,7,4,2022,8,14,33,27,18
Texas Two Step,7,7,2022,22,1,2,11,8
Texas Two Step,7,11,2022,3,35,18,34,4
Texas Two Step,7,14,2022,1,2,7,25,15
Texas Two Step,7,18,2022,5,34,1,27,9
Texas Two Step,7,21,2022,31,13,28,3,8
Texas Two Step,7,25,2022,20,26,6,9,29
Texas Two Step,7,28,2022,15,28,27,4,19
Texas Two Step,8,1,2022,3,22,6,16,22
Texas Two Step,8,4,2022,7,16,26,34,18
Texas Two Step,8,8,2022,33,17,11,4,9
Texas Two Step,8,11,2022,2,16,10,30,7
Texas Two Step,8,15,2022,27,13,9,1,9
Texas Two Step,8,18,2022,35,20,12,26,27
Texas Two Step,8,22,2022,24,27,26,14,30
Texas Two Step,8,25,2022,24,26,16,6,22
Texas Two Step,8,29,2022,17,34,31,15,28
Texas Two Step,9,1,2022,17,21,34,22,20
Texas Two Step,9,5,2022,1,10,4,25,2
Texas Two Step,9,8,2022,16,11,5,34,17
Texas Two Step,9,12,2022,21,28,6,15,34
Texas Two Step,9,15,2022,3,28,5,12,23
Texas Two Step,9,19,2022,14,7,10,33,27
Texas Two Step,9,22,2022,2,10,21,25,29
Texas Two Step,9,26,2022,14,10,34,25,20
Texas Two Step,9,29,2022,31,33,11,13,5
Texas Two Step,10,3,2022,35,11,28,31,17
Texas Two Step,10,6,2022,12,19,18,24,24
Texas Two Step,10,10,2022,1,25,8,14,23
Texas Two Step,10,13,2022,26,5,31,19,29
Texas Two Step,10,17,2022,4,16,11,8,16
Texas Two Step,10,20,2022,1,30,5,24,17
Texas Two Step,10,24,2022,25,17,20,11,8
Texas Two Step,10,27,2022,18,16,5,11,35
Texas Two Step,10,31,2022,8,10,30,5,30
Texas Two Step,11,3,2022,10,14,34,25,1
Texas Two Step,11,7,2022,9,4,11,30,13
Texas Two Step,11,10,2022,23,2,31,3,34
Texas Two Step,11,14,2022,5,22,17,27,10
Texas Two Step,11,17,2022,4,16,9,18,15
Texas Two Step,11,21,2022,18,17,30,11,21
Texas Two Step,11,24,2022,23,17,24,20,20
Texas Two Step,11,28,2022,29,7,21,2,13
Texas Two Step,12,1,2022,8,24,16,9,22
Texas Two Step,12,5,2022,4,21,6,32,26
Texas Two Step,12,8,2022,32,23,5,14,34
Texas Two Step,12,12,2022,28,14,17,13,29
Texas Two Step,12,15,2022,11,26,14,33,29
Texas Two Step,12,19,2022,19,4,33,26,35
Texas Two Step,12,22,2022,2,26,20,6,21
Texas Two Step,12,26,2022,8,10,29,30,33
